name,birth,G,PA,AB,R,H,2B,3B,HR,TB,RBI,SB,CS,BB,HBP,SO,GDP,E,active_year,team,pic_url,first_year,last_year,AVG,OBP,SLG,OPS
강민성,1999,23,44,36,2,5,1,0,0,6,0,0,0,7,0,15,0,2,3,KT,https://6ptotvmi5753.edge.naverncp.com/KBO_IMAGE/person/middle/2025/69064.jpg,2023,2025,0.139,0.279,0.167,0.446
강민호,1985,2408,8858,7752,978,2147,383,12,340,3574,1266,33,35,817,163,1550,247,149,22,롯데,https://6ptotvmi5753.edge.naverncp.com/KBO_IMAGE/person/middle/2025/74540.jpg,2004,2025,0.277,0.346,0.461,0.807
강백호,1999,834,3580,3133,511,953,192,6,127,1538,520,39,20,407,15,641,47,46,8,KT,https://6ptotvmi5753.edge.naverncp.com/KBO_IMAGE/person/middle/2025/68050.jpg,2018,2025,0.304,0.384,0.491,0.875
강성우,2005,3,3,2,0,1,0,0,0,1,0,0,2,0,0,0,0,0,2,롯데,https://6ptotvmi5753.edge.naverncp.com/KBO_IMAGE/person/middle/2025/54567.jpg,2024,2025,0.5,0.5,0.5,1.0
강승호,1994,741,2582,2343,320,600,133,20,54,935,323,57,22,153,31,650,47,85,9,LG,https://6ptotvmi5753.edge.naverncp.com/KBO_IMAGE/person/middle/2025/63123.jpg,2016,2025,0.256,0.302,0.399,0.701
강진성,1993,482,1391,1247,146,327,64,2,26,473,156,24,5,90,33,201,39,19,10,NC,https://6ptotvmi5753.edge.naverncp.com/KBO_IMAGE/person/middle/2025/62925.jpg,2013,2025,0.262,0.312,0.379,0.691
강현우,2001,107,194,171,17,36,9,0,3,54,23,0,1,19,1,42,4,7,4,KT,https://6ptotvmi5753.edge.naverncp.com/KBO_IMAGE/person/middle/2025/50066.jpg,2020,2025,0.211,0.289,0.316,0.605
고명준,2002,150,516,480,40,119,21,0,13,179,61,4,4,33,2,132,8,7,4,SSG,https://6ptotvmi5753.edge.naverncp.com/KBO_IMAGE/person/middle/2025/51868.jpg,2021,2025,0.248,0.296,0.373,0.669
고승민,2000,369,1336,1182,168,337,66,12,22,493,156,16,12,125,2,227,23,23,5,롯데,https://6ptotvmi5753.edge.naverncp.com/KBO_IMAGE/person/middle/2025/69517.jpg,2019,2025,0.285,0.353,0.417,0.771
고영우,2001,97,294,258,21,65,12,2,0,81,35,0,0,28,1,75,5,12,2,키움,https://6ptotvmi5753.edge.naverncp.com/KBO_IMAGE/person/middle/2025/54344.jpg,2024,2025,0.252,0.325,0.314,0.639
구본혁,1997,474,722,631,97,140,21,4,4,181,68,10,7,62,10,106,11,19,5,LG,https://6ptotvmi5753.edge.naverncp.com/KBO_IMAGE/person/middle/2025/69100.jpg,2019,2025,0.222,0.291,0.287,0.578
구승민,1990,6,0,0,0,0,0,0,0,0,0,0,0,0,0,0,0,0,5,롯데,https://6ptotvmi5753.edge.naverncp.com/KBO_IMAGE/person/middle/2025/63543.jpg,2018,2025,,,,
구자욱,1993,1251,5481,4846,912,1534,309,56,175,2480,813,140,37,499,67,936,50,42,11,삼성,https://6ptotvmi5753.edge.naverncp.com/KBO_IMAGE/person/middle/2025/62404.jpg,2015,2025,0.317,0.38,0.512,0.892
권광민,1997,120,222,195,27,40,7,2,6,69,26,2,1,22,2,72,2,3,4,한화,https://6ptotvmi5753.edge.naverncp.com/KBO_IMAGE/person/middle/2025/52769.jpg,2022,2025,0.205,0.286,0.354,0.64
권동진,1998,171,228,192,43,50,9,2,1,66,17,7,4,31,0,71,1,15,4,KT,https://6ptotvmi5753.edge.naverncp.com/KBO_IMAGE/person/middle/2025/51003.jpg,2021,2025,0.26,0.363,0.344,0.707
권혁빈,2005,2,1,1,0,0,0,0,0,0,0,0,0,0,0,0,1,0,1,키움,https://6ptotvmi5753.edge.naverncp.com/KBO_IMAGE/person/middle/2025/55371.jpg,2025,2025,0.0,0.0,0.0,0.0
권희동,1990,1111,3951,3322,475,886,156,8,103,1367,531,30,12,468,81,606,67,23,12,NC,https://6ptotvmi5753.edge.naverncp.com/KBO_IMAGE/person/middle/2025/63963.jpg,2013,2025,0.267,0.357,0.411,0.769
김건우,2002,1,0,0,0,0,0,0,0,0,0,0,0,0,0,0,0,0,1,SSG,https://6ptotvmi5753.edge.naverncp.com/KBO_IMAGE/person/middle/2025/51867.jpg,2025,2025,,,,
김건형,1996,26,65,58,6,10,2,0,0,12,1,1,0,7,0,14,0,0,3,KT,https://6ptotvmi5753.edge.naverncp.com/KBO_IMAGE/person/middle/2025/51005.jpg,2021,2025,0.172,0.262,0.207,0.468
김건희,2004,109,350,324,32,78,17,0,10,125,41,0,0,21,0,109,8,6,3,키움,https://6ptotvmi5753.edge.naverncp.com/KBO_IMAGE/person/middle/2025/53312.jpg,2023,2025,0.241,0.287,0.386,0.673
김규성,1997,387,531,470,85,95,11,3,6,130,36,11,4,39,2,135,3,26,6,KIA,https://6ptotvmi5753.edge.naverncp.com/KBO_IMAGE/person/middle/2025/66614.jpg,2020,2025,0.202,0.263,0.277,0.54
김기연,1997,165,400,354,41,94,13,0,6,125,45,1,2,33,2,74,5,7,5,LG,https://6ptotvmi5753.edge.naverncp.com/KBO_IMAGE/person/middle/2025/66112.jpg,2018,2025,0.266,0.328,0.353,0.681
김대유,1991,1,0,0,0,0,0,0,0,0,0,0,0,0,0,0,0,0,1,KIA,https://6ptotvmi5753.edge.naverncp.com/KBO_IMAGE/person/middle/2025/60337.jpg,2025,2025,,,,
김도영,2003,343,1323,1161,259,362,65,19,50,615,190,78,11,131,11,244,29,56,4,KIA,https://6ptotvmi5753.edge.naverncp.com/KBO_IMAGE/person/middle/2025/52605.jpg,2022,2025,0.312,0.382,0.53,0.911
김동준,2002,2,2,2,0,0,0,0,0,0,0,0,0,0,0,0,0,0,1,두산,https://6ptotvmi5753.edge.naverncp.com/KBO_IMAGE/person/middle/2025/52267.jpg,2025,2025,0.0,0.0,0.0,0.0
김동헌,2004,123,293,255,25,60,6,2,2,76,21,0,0,22,10,68,7,6,3,키움,https://6ptotvmi5753.edge.naverncp.com/KBO_IMAGE/person/middle/2025/53344.jpg,2023,2025,0.235,0.296,0.298,0.594
김동혁,2000,69,29,25,13,5,1,1,0,8,1,7,2,4,0,8,0,2,3,롯데,https://6ptotvmi5753.edge.naverncp.com/KBO_IMAGE/person/middle/2025/52504.jpg,2023,2025,0.2,0.31,0.32,0.63
김민석,2004,191,591,528,70,129,28,2,3,170,48,19,5,35,10,147,11,2,3,롯데,https://6ptotvmi5753.edge.naverncp.com/KBO_IMAGE/person/middle/2025/53554.jpg,2023,2025,0.244,0.291,0.322,0.613
김민성,1988,1760,6146,5380,678,1437,287,11,134,2148,746,52,32,499,113,1043,133,99,19,롯데,https://6ptotvmi5753.edge.naverncp.com/KBO_IMAGE/person/middle/2025/77564.jpg,2007,2025,0.267,0.329,0.399,0.729
김민수,1998,210,527,467,34,110,21,2,3,144,40,2,1,40,10,161,11,14,8,롯데,https://6ptotvmi5753.edge.naverncp.com/KBO_IMAGE/person/middle/2025/67504.jpg,2017,2025,0.236,0.296,0.308,0.604
김민혁,1995,818,2620,2324,331,684,74,16,10,820,201,76,41,203,27,336,48,18,9,KT,https://6ptotvmi5753.edge.naverncp.com/KBO_IMAGE/person/middle/2025/64004.jpg,2015,2025,0.294,0.351,0.353,0.704
김민혁,1996,114,234,207,22,47,7,0,8,78,33,0,0,22,3,67,13,3,7,두산,https://6ptotvmi5753.edge.naverncp.com/KBO_IMAGE/person/middle/2025/65269.jpg,2017,2025,0.227,0.301,0.377,0.678
김병준,2003,44,22,20,10,6,0,0,0,6,1,0,0,2,0,6,0,0,3,KT,https://6ptotvmi5753.edge.naverncp.com/KBO_IMAGE/person/middle/2025/52002.jpg,2023,2025,0.3,0.364,0.3,0.664
김상수,1990,1813,6833,5960,879,1614,266,38,63,2145,653,260,77,590,99,896,151,199,17,삼성,https://6ptotvmi5753.edge.naverncp.com/KBO_IMAGE/person/middle/2025/79402.jpg,2009,2025,0.271,0.336,0.36,0.696
김서현,2004,3,0,0,0,0,0,0,0,0,0,0,0,0,0,0,0,0,3,한화,https://6ptotvmi5753.edge.naverncp.com/KBO_IMAGE/person/middle/2025/53754.jpg,2023,2025,,,,
김석환,1999,71,157,140,17,22,3,0,4,37,13,0,0,12,4,50,2,2,5,KIA,https://6ptotvmi5753.edge.naverncp.com/KBO_IMAGE/person/middle/2025/67610.jpg,2018,2025,0.157,0.224,0.264,0.488
김선빈,1989,1652,6303,5481,749,1671,268,13,41,2088,634,155,68,597,49,538,143,146,17,KIA,https://6ptotvmi5753.edge.naverncp.com/KBO_IMAGE/person/middle/2025/78603.jpg,2008,2025,0.305,0.373,0.381,0.754
김성욱,1993,967,2470,2174,360,516,93,12,78,867,293,64,26,196,44,506,51,4,11,NC,https://6ptotvmi5753.edge.naverncp.com/KBO_IMAGE/person/middle/2025/62934.jpg,2013,2025,0.237,0.3,0.399,0.699
김성윤,1999,283,603,525,108,151,19,8,6,204,57,43,11,49,8,92,4,5,8,삼성,https://6ptotvmi5753.edge.naverncp.com/KBO_IMAGE/person/middle/2025/67449.jpg,2017,2025,0.288,0.348,0.389,0.737
김성현,1987,1594,4838,4238,555,1140,184,11,46,1484,452,49,32,389,53,469,130,167,18,SK,https://6ptotvmi5753.edge.naverncp.com/KBO_IMAGE/person/middle/2025/76802.jpg,2006,2025,0.269,0.33,0.35,0.681
김수윤,1998,49,62,58,1,8,1,0,1,12,4,0,0,3,1,21,0,5,5,NC,https://6ptotvmi5753.edge.naverncp.com/KBO_IMAGE/person/middle/2025/67900.jpg,2021,2025,0.138,0.18,0.207,0.387
김승일,2001,1,0,0,0,0,0,0,0,0,0,0,0,0,0,0,0,0,1,한화,https://6ptotvmi5753.edge.naverncp.com/KBO_IMAGE/person/middle/2025/50711.jpg,2025,2025,,,,
김시훈,1999,2,0,0,0,0,0,0,0,0,0,0,0,0,0,0,0,0,2,NC,https://6ptotvmi5753.edge.naverncp.com/KBO_IMAGE/person/middle/2025/68928.jpg,2023,2025,,,,
김영우,2005,1,0,0,0,0,0,0,0,0,0,0,0,0,0,0,0,0,1,LG,https://6ptotvmi5753.edge.naverncp.com/KBO_IMAGE/person/middle/2025/55167.jpg,2025,2025,,,,
김영웅,2003,227,757,681,93,166,26,4,37,311,115,11,3,61,4,228,7,26,4,삼성,https://6ptotvmi5753.edge.naverncp.com/KBO_IMAGE/person/middle/2025/52430.jpg,2022,2025,0.244,0.306,0.457,0.763
김웅빈,1996,343,950,826,94,200,43,2,19,304,114,2,3,85,20,251,18,19,9,넥센,https://6ptotvmi5753.edge.naverncp.com/KBO_IMAGE/person/middle/2025/65898.jpg,2016,2025,0.242,0.313,0.368,0.681
김원중,1993,14,0,0,0,0,0,0,0,0,0,0,0,0,0,0,0,0,6,롯데,https://6ptotvmi5753.edge.naverncp.com/KBO_IMAGE/person/middle/2025/62528.jpg,2020,2025,,,,
김인태,1994,499,1260,1057,135,260,46,2,22,376,132,4,4,176,9,225,23,5,10,두산,https://6ptotvmi5753.edge.naverncp.com/KBO_IMAGE/person/middle/2025/63257.jpg,2016,2025,0.246,0.354,0.356,0.709
김재성,1996,203,427,362,32,87,16,1,5,120,38,1,1,48,9,95,11,4,7,LG,https://6ptotvmi5753.edge.naverncp.com/KBO_IMAGE/person/middle/2025/65132.jpg,2015,2025,0.24,0.329,0.331,0.661
김재혁,1999,55,96,84,12,17,3,1,0,22,9,6,2,8,1,30,2,1,3,삼성,https://6ptotvmi5753.edge.naverncp.com/KBO_IMAGE/person/middle/2025/52424.jpg,2022,2025,0.202,0.272,0.262,0.534
김재현,1993,548,1024,918,83,203,40,0,7,264,84,1,2,44,24,229,22,23,10,넥센,https://6ptotvmi5753.edge.naverncp.com/KBO_IMAGE/person/middle/2025/62332.jpg,2015,2025,0.221,0.257,0.288,0.544
김재환,1988,1417,5655,4855,812,1375,259,16,268,2470,956,37,13,697,47,1267,85,33,15,두산,https://6ptotvmi5753.edge.naverncp.com/KBO_IMAGE/person/middle/2025/78224.jpg,2008,2025,0.283,0.373,0.509,0.882
김주원,2002,463,1622,1366,196,323,48,9,38,503,182,52,17,156,57,395,22,78,5,NC,https://6ptotvmi5753.edge.naverncp.com/KBO_IMAGE/person/middle/2025/51907.jpg,2021,2025,0.236,0.315,0.368,0.683
김지찬,2001,620,2016,1720,338,492,41,13,6,577,124,131,17,211,24,220,9,70,6,삼성,https://6ptotvmi5753.edge.naverncp.com/KBO_IMAGE/person/middle/2025/50458.jpg,2020,2025,0.286,0.364,0.335,0.7
김진성,1985,25,0,0,0,0,0,0,0,0,0,0,0,0,0,0,0,0,11,NC,https://6ptotvmi5753.edge.naverncp.com/KBO_IMAGE/person/middle/2025/75867.jpg,2013,2025,,,,
김찬형,1997,331,620,547,77,134,25,2,5,178,40,10,6,36,18,108,4,26,8,NC,https://6ptotvmi5753.edge.naverncp.com/KBO_IMAGE/person/middle/2025/66917.jpg,2017,2025,0.245,0.292,0.325,0.617
김창평,2000,101,180,155,21,25,6,1,0,33,11,10,1,18,1,37,3,3,5,SK,https://6ptotvmi5753.edge.naverncp.com/KBO_IMAGE/person/middle/2025/69825.jpg,2019,2025,0.161,0.249,0.213,0.461
김태군,1989,1425,3680,3223,295,802,126,2,32,1028,342,3,7,191,100,467,123,56,17,LG,https://6ptotvmi5753.edge.naverncp.com/KBO_IMAGE/person/middle/2025/78122.jpg,2008,2025,0.249,0.291,0.319,0.61
김태근,1996,103,101,91,19,19,4,0,0,23,6,1,7,2,5,36,0,4,5,두산,https://6ptotvmi5753.edge.naverncp.com/KBO_IMAGE/person/middle/2025/69207.jpg,2019,2025,0.209,0.226,0.253,0.479
김태연,1997,469,1616,1400,181,368,72,0,28,524,185,20,10,166,20,348,27,39,8,한화,https://6ptotvmi5753.edge.naverncp.com/KBO_IMAGE/person/middle/2025/66704.jpg,2017,2025,0.263,0.341,0.374,0.715
김태진,1995,600,1953,1814,214,478,53,16,11,596,165,29,17,95,4,284,22,57,10,NC,https://6ptotvmi5753.edge.naverncp.com/KBO_IMAGE/person/middle/2025/64984.jpg,2015,2025,0.264,0.3,0.329,0.629
김태훈,1996,100,194,186,11,36,7,1,2,51,10,1,1,2,2,50,4,0,7,KT,https://6ptotvmi5753.edge.naverncp.com/KBO_IMAGE/person/middle/2025/65040.jpg,2015,2025,0.194,0.202,0.274,0.476
김한별,2001,153,192,173,20,42,1,1,0,45,9,1,4,7,7,40,8,11,4,NC,https://6ptotvmi5753.edge.naverncp.com/KBO_IMAGE/person/middle/2025/50902.jpg,2022,2025,0.243,0.272,0.26,0.532
김헌곤,1988,932,2931,2607,341,711,100,11,47,974,307,66,34,224,46,350,77,6,13,삼성,https://6ptotvmi5753.edge.naverncp.com/KBO_IMAGE/person/middle/2025/61404.jpg,2011,2025,0.273,0.33,0.374,0.704
김현수,1988,2122,8978,7750,1208,2424,454,29,250,3686,1454,71,48,1035,75,918,156,37,18,두산,https://6ptotvmi5753.edge.naverncp.com/KBO_IMAGE/person/middle/2025/76290.jpg,2006,2025,0.313,0.394,0.476,0.869
김형준,1999,337,898,786,94,169,24,1,37,306,111,1,0,88,4,278,15,23,6,NC,https://6ptotvmi5753.edge.naverncp.com/KBO_IMAGE/person/middle/2025/68912.jpg,2018,2025,0.215,0.294,0.389,0.683
김호령,1992,673,1484,1302,236,306,51,9,20,435,122,46,21,115,27,395,19,13,9,KIA,https://6ptotvmi5753.edge.naverncp.com/KBO_IMAGE/person/middle/2025/65653.jpg,2015,2025,0.235,0.297,0.334,0.631
김호진,2005,27,32,29,4,2,0,0,0,2,3,0,0,1,1,11,1,0,2,삼성,https://6ptotvmi5753.edge.naverncp.com/KBO_IMAGE/person/middle/2025/54460.jpg,2024,2025,0.069,0.1,0.069,0.169
김휘집,2002,432,1605,1371,189,321,64,2,37,500,179,5,3,163,34,381,31,66,5,키움,https://6ptotvmi5753.edge.naverncp.com/KBO_IMAGE/person/middle/2025/51344.jpg,2021,2025,0.234,0.316,0.365,0.68
나성범,1989,1411,6199,5511,1021,1721,346,30,276,2955,1080,100,29,509,125,1354,77,41,13,NC,https://6ptotvmi5753.edge.naverncp.com/KBO_IMAGE/person/middle/2025/62947.jpg,2013,2025,0.312,0.37,0.536,0.907
나승엽,2002,224,798,672,95,191,46,5,16,295,106,2,0,109,6,141,8,19,3,롯데,https://6ptotvmi5753.edge.naverncp.com/KBO_IMAGE/person/middle/2025/51551.jpg,2021,2025,0.284,0.384,0.439,0.823
노시환,2000,727,2898,2534,379,674,125,9,102,1123,418,28,11,314,31,678,65,82,7,한화,https://6ptotvmi5753.edge.naverncp.com/KBO_IMAGE/person/middle/2025/69737.jpg,2019,2025,0.266,0.347,0.443,0.79
데이비슨,1991,158,675,597,106,184,31,1,53,376,142,0,1,47,20,166,15,12,2,NC,https://6ptotvmi5753.edge.naverncp.com/KBO_IMAGE/person/middle/2025/54944.jpg,2024,2025,0.308,0.359,0.63,0.989
도태훈,1993,488,886,728,102,157,20,1,10,209,72,6,1,97,32,138,25,22,9,NC,https://6ptotvmi5753.edge.naverncp.com/KBO_IMAGE/person/middle/2025/66965.jpg,2016,2025,0.216,0.308,0.287,0.595
디아즈,1996,71,294,271,38,79,14,0,23,162,62,0,0,19,2,57,4,2,2,삼성,https://6ptotvmi5753.edge.naverncp.com/KBO_IMAGE/person/middle/2025/54400.jpg,2024,2025,0.292,0.338,0.598,0.936
레이예스,1994,187,822,748,110,256,58,3,18,374,140,8,1,58,2,105,23,5,2,롯데,https://6ptotvmi5753.edge.naverncp.com/KBO_IMAGE/person/middle/2025/54529.jpg,2024,2025,0.342,0.39,0.5,0.89
로하스,1990,697,3073,2693,483,857,173,9,170,1558,539,29,28,328,27,629,45,19,6,KT,https://6ptotvmi5753.edge.naverncp.com/KBO_IMAGE/person/middle/2025/67025.jpg,2017,2025,0.318,0.392,0.579,0.971
류지혁,1994,993,2931,2521,414,683,85,10,17,839,278,86,27,276,57,468,49,71,12,두산,https://6ptotvmi5753.edge.naverncp.com/KBO_IMAGE/person/middle/2025/62234.jpg,2012,2025,0.271,0.343,0.333,0.676
류진욱,1996,6,0,0,0,0,0,0,0,0,0,0,0,0,0,0,0,0,5,NC,https://6ptotvmi5753.edge.naverncp.com/KBO_IMAGE/person/middle/2025/65949.jpg,2021,2025,,,,
류현준,2005,9,9,9,0,3,1,0,0,4,1,0,0,0,0,1,0,0,2,두산,https://6ptotvmi5753.edge.naverncp.com/KBO_IMAGE/person/middle/2025/54219.jpg,2024,2025,0.333,0.333,0.444,0.778
맥브룸,1992,16,60,55,8,15,3,0,4,30,11,0,0,5,0,19,2,0,1,SSG,https://6ptotvmi5753.edge.naverncp.com/KBO_IMAGE/person/middle/2025/55844.jpg,2025,2025,0.273,0.333,0.545,0.879
문보경,2000,549,2118,1822,274,534,103,12,57,832,301,26,15,241,7,346,39,50,5,LG,https://6ptotvmi5753.edge.naverncp.com/KBO_IMAGE/person/middle/2025/69102.jpg,2021,2025,0.293,0.376,0.457,0.832
문상철,1991,554,1408,1261,157,302,57,3,44,497,174,15,4,107,19,366,26,20,9,KT,https://6ptotvmi5753.edge.naverncp.com/KBO_IMAGE/person/middle/2025/64007.jpg,2015,2025,0.239,0.299,0.394,0.693
문성주,1997,408,1492,1266,204,375,57,9,9,477,170,49,29,185,16,137,30,5,6,LG,https://6ptotvmi5753.edge.naverncp.com/KBO_IMAGE/person/middle/2025/68119.jpg,2018,2025,0.296,0.386,0.377,0.763
문정빈,2003,14,22,19,2,2,0,0,1,5,3,0,0,1,2,7,0,0,1,LG,https://6ptotvmi5753.edge.naverncp.com/KBO_IMAGE/person/middle/2025/52121.jpg,2025,2025,0.105,0.15,0.263,0.413
문현빈,2004,279,918,822,93,228,46,4,17,333,123,15,7,65,11,160,16,12,3,한화,https://6ptotvmi5753.edge.naverncp.com/KBO_IMAGE/person/middle/2025/53764.jpg,2023,2025,0.277,0.33,0.405,0.735
박건우,1990,1274,4937,4366,770,1432,296,24,123,2145,686,96,30,416,85,654,124,23,14,두산,https://6ptotvmi5753.edge.naverncp.com/KBO_IMAGE/person/middle/2025/79215.jpg,2009,2025,0.328,0.386,0.491,0.878
박계범,1996,466,1208,1038,144,244,45,3,16,343,122,20,11,109,19,264,28,48,9,삼성,https://6ptotvmi5753.edge.naverncp.com/KBO_IMAGE/person/middle/2025/64468.jpg,2015,2025,0.235,0.308,0.33,0.638
박동원,1990,1327,4407,3846,526,995,184,6,164,1683,647,13,3,404,58,900,112,70,14,넥센,https://6ptotvmi5753.edge.naverncp.com/KBO_IMAGE/person/middle/2025/79365.jpg,2010,2025,0.259,0.329,0.438,0.767
박명근,2004,5,0,0,0,0,0,0,0,0,0,0,0,0,0,0,0,0,3,LG,https://6ptotvmi5753.edge.naverncp.com/KBO_IMAGE/person/middle/2025/53139.jpg,2023,2025,,,,
박민석,2000,29,19,19,7,4,0,0,0,4,0,0,1,0,0,10,0,4,4,KT,https://6ptotvmi5753.edge.naverncp.com/KBO_IMAGE/person/middle/2025/69056.jpg,2019,2025,0.211,0.211,0.211,0.421
박민우,1993,1316,5471,4738,877,1516,249,59,39,2000,501,282,77,514,117,695,84,107,13,NC,https://6ptotvmi5753.edge.naverncp.com/KBO_IMAGE/person/middle/2025/62907.jpg,2013,2025,0.32,0.387,0.422,0.809
박병호,1986,1732,6678,5625,1014,1540,251,5,412,3037,1231,70,28,832,144,1696,121,86,17,LG,https://6ptotvmi5753.edge.naverncp.com/KBO_IMAGE/person/middle/2025/75125.jpg,2005,2025,0.274,0.367,0.54,0.907
박성한,1998,663,2462,2137,279,598,98,5,29,793,240,43,20,272,8,366,26,104,8,SK,https://6ptotvmi5753.edge.naverncp.com/KBO_IMAGE/person/middle/2025/67893.jpg,2017,2025,0.28,0.361,0.371,0.732
박세혁,1990,973,2769,2388,332,601,109,16,32,838,304,33,13,238,49,479,32,38,12,두산,https://6ptotvmi5753.edge.naverncp.com/KBO_IMAGE/person/middle/2025/62244.jpg,2012,2025,0.252,0.319,0.351,0.67
박수종,1999,109,208,184,30,53,6,3,0,65,9,4,0,16,3,25,5,4,3,키움,https://6ptotvmi5753.edge.naverncp.com/KBO_IMAGE/person/middle/2025/52305.jpg,2023,2025,0.288,0.345,0.353,0.698
박승욱,1992,759,1826,1583,237,400,62,15,18,546,158,45,19,162,28,480,21,77,12,SK,https://6ptotvmi5753.edge.naverncp.com/KBO_IMAGE/person/middle/2025/62802.jpg,2012,2025,0.253,0.322,0.345,0.667
박시원,2001,90,207,184,28,42,7,1,3,60,19,4,0,19,0,59,2,2,4,NC,https://6ptotvmi5753.edge.naverncp.com/KBO_IMAGE/person/middle/2025/50996.jpg,2020,2025,0.228,0.3,0.326,0.627
박신지,1999,3,0,0,0,0,0,0,0,0,0,0,0,0,0,0,0,0,3,두산,https://6ptotvmi5753.edge.naverncp.com/KBO_IMAGE/person/middle/2025/68249.jpg,2022,2025,,,,
박영빈,1997,63,25,21,15,4,3,0,0,7,1,7,3,2,0,10,0,0,3,NC,https://6ptotvmi5753.edge.naverncp.com/KBO_IMAGE/person/middle/2025/50906.jpg,2023,2025,0.19,0.261,0.333,0.594
박윤성,2004,2,0,0,0,0,0,0,0,0,0,0,0,0,0,0,0,0,1,키움,https://6ptotvmi5753.edge.naverncp.com/KBO_IMAGE/person/middle/2025/53301.jpg,2025,2025,,,,
박재엽,2006,1,1,1,0,0,0,0,0,0,0,0,0,0,0,1,0,0,1,롯데,https://6ptotvmi5753.edge.naverncp.com/KBO_IMAGE/person/middle/2025/55563.jpg,2025,2025,0.0,0.0,0.0,0.0
박재현,2006,25,30,28,6,3,1,0,0,4,0,3,1,2,0,10,0,1,1,KIA,https://6ptotvmi5753.edge.naverncp.com/KBO_IMAGE/person/middle/2025/55636.jpg,2025,2025,0.107,0.167,0.143,0.31
박정우,1998,162,181,151,33,39,6,1,0,47,20,1,4,23,3,30,6,3,5,KIA,https://6ptotvmi5753.edge.naverncp.com/KBO_IMAGE/person/middle/2025/67609.jpg,2021,2025,0.258,0.356,0.311,0.668
박주성,2000,4,0,0,0,0,0,0,0,0,0,0,0,0,0,0,0,0,2,키움,https://6ptotvmi5753.edge.naverncp.com/KBO_IMAGE/person/middle/2025/69328.jpg,2022,2025,,,,
박주홍,2001,143,337,291,24,49,9,2,2,68,18,10,2,41,0,120,4,1,6,키움,https://6ptotvmi5753.edge.naverncp.com/KBO_IMAGE/person/middle/2025/50357.jpg,2020,2025,0.168,0.271,0.234,0.505
박준순,2006,7,7,6,0,1,0,0,0,1,0,0,1,1,0,1,0,0,1,두산,https://6ptotvmi5753.edge.naverncp.com/KBO_IMAGE/person/middle/2025/55252.jpg,2025,2025,0.167,0.286,0.167,0.452
박준영,1997,375,1080,949,118,205,44,7,24,335,108,18,6,96,22,306,21,40,7,NC,https://6ptotvmi5753.edge.naverncp.com/KBO_IMAGE/person/middle/2025/66928.jpg,2016,2025,0.216,0.288,0.353,0.641
박준우,2005,1,0,0,0,0,0,0,0,0,0,0,0,0,0,0,0,0,1,롯데,https://6ptotvmi5753.edge.naverncp.com/KBO_IMAGE/person/middle/2025/54503.jpg,2025,2025,,,,
박지환,2005,94,303,276,36,71,9,2,4,96,25,8,4,15,3,77,4,13,2,SSG,https://6ptotvmi5753.edge.naverncp.com/KBO_IMAGE/person/middle/2025/54805.jpg,2024,2025,0.257,0.296,0.348,0.643
박지훈,2000,87,45,39,12,9,2,0,0,11,4,4,1,3,2,14,1,1,4,두산,https://6ptotvmi5753.edge.naverncp.com/KBO_IMAGE/person/middle/2025/50204.jpg,2020,2025,0.231,0.286,0.282,0.568
박진,1999,1,0,0,0,0,0,0,0,0,0,0,0,0,0,0,0,0,1,롯데,https://6ptotvmi5753.edge.naverncp.com/KBO_IMAGE/person/middle/2025/69594.jpg,2025,2025,,,,
박찬호,1995,985,3560,3177,456,834,121,15,19,1042,322,168,49,292,8,480,71,134,10,KIA,https://6ptotvmi5753.edge.naverncp.com/KBO_IMAGE/person/middle/2025/64646.jpg,2014,2025,0.263,0.325,0.328,0.653
박한결,2004,48,108,97,13,19,2,0,10,51,22,0,0,11,0,44,1,1,3,NC,https://6ptotvmi5753.edge.naverncp.com/KBO_IMAGE/person/middle/2025/53992.jpg,2023,2025,0.196,0.278,0.526,0.804
박해민,1990,1569,6470,5651,974,1604,225,71,57,2142,584,420,123,569,47,976,63,20,13,삼성,https://6ptotvmi5753.edge.naverncp.com/KBO_IMAGE/person/middle/2025/62415.jpg,2013,2025,0.284,0.349,0.379,0.728
배정대,1995,892,2954,2569,374,674,124,9,42,942,309,90,39,292,33,689,30,23,10,KT,https://6ptotvmi5753.edge.naverncp.com/KBO_IMAGE/person/middle/2025/64166.jpg,2015,2025,0.262,0.338,0.367,0.704
배찬승,2006,1,0,0,0,0,0,0,0,0,0,0,0,0,0,0,0,0,1,삼성,https://6ptotvmi5753.edge.naverncp.com/KBO_IMAGE/person/middle/2025/55455.jpg,2025,2025,,,,
변상권,1997,193,484,456,44,114,14,5,6,156,59,0,0,21,1,113,8,1,4,키움,https://6ptotvmi5753.edge.naverncp.com/KBO_IMAGE/person/middle/2025/68305.jpg,2020,2025,0.25,0.283,0.342,0.625
변우혁,2000,234,653,590,66,150,24,2,16,226,71,1,0,55,7,194,21,20,5,한화,https://6ptotvmi5753.edge.naverncp.com/KBO_IMAGE/person/middle/2025/69727.jpg,2019,2025,0.254,0.318,0.383,0.701
서건창,1989,1360,5607,4822,854,1431,274,57,41,1942,519,233,81,604,65,569,73,91,15,LG,https://6ptotvmi5753.edge.naverncp.com/KBO_IMAGE/person/middle/2025/78168.jpg,2008,2025,0.297,0.375,0.403,0.778
서유신,2000,2,3,3,0,0,0,0,0,0,0,0,0,0,0,3,0,0,1,키움,https://6ptotvmi5753.edge.naverncp.com/KBO_IMAGE/person/middle/2025/53309.jpg,2025,2025,0.0,0.0,0.0,0.0
서호철,1996,377,1309,1187,149,322,47,6,18,435,126,11,10,66,29,206,32,35,5,NC,https://6ptotvmi5753.edge.naverncp.com/KBO_IMAGE/person/middle/2025/69995.jpg,2020,2025,0.271,0.31,0.366,0.676
석정우,1999,13,16,15,1,3,0,0,0,3,0,0,1,1,0,5,0,1,2,SSG,https://6ptotvmi5753.edge.naverncp.com/KBO_IMAGE/person/middle/2025/52804.jpg,2022,2025,0.2,0.25,0.2,0.45
손성빈,2002,152,274,247,41,56,9,2,7,90,36,0,0,18,4,54,6,5,4,롯데,https://6ptotvmi5753.edge.naverncp.com/KBO_IMAGE/person/middle/2025/51528.jpg,2021,2025,0.227,0.279,0.364,0.644
손아섭,1988,2094,9012,7953,1375,2553,448,37,181,3618,1057,232,70,939,40,1294,121,60,19,롯데,https://6ptotvmi5753.edge.naverncp.com/KBO_IMAGE/person/middle/2025/77532.jpg,2007,2025,0.321,0.393,0.455,0.848
손용준,2000,2,5,5,0,1,0,0,0,1,0,0,0,0,0,0,2,0,1,LG,https://6ptotvmi5753.edge.naverncp.com/KBO_IMAGE/person/middle/2025/54156.jpg,2025,2025,0.2,0.2,0.2,0.4
손주환,2002,1,0,0,0,0,0,0,0,0,0,0,0,0,0,0,0,0,1,NC,https://6ptotvmi5753.edge.naverncp.com/KBO_IMAGE/person/middle/2025/54904.jpg,2025,2025,,,,
손호영,1994,223,708,651,109,188,30,6,22,296,111,15,8,33,12,117,20,32,6,LG,https://6ptotvmi5753.edge.naverncp.com/KBO_IMAGE/person/middle/2025/50150.jpg,2020,2025,0.289,0.323,0.455,0.778
송민섭,1991,641,377,314,125,66,5,5,1,84,21,26,12,35,7,102,3,3,9,KT,https://6ptotvmi5753.edge.naverncp.com/KBO_IMAGE/person/middle/2025/64012.jpg,2015,2025,0.21,0.289,0.268,0.557
송성문,1996,724,2778,2478,335,678,118,18,62,1018,388,31,7,250,6,373,35,61,9,넥센,https://6ptotvmi5753.edge.naverncp.com/KBO_IMAGE/person/middle/2025/65357.jpg,2015,2025,0.274,0.34,0.411,0.751
송승환,2000,51,115,109,14,25,4,1,1,34,8,0,1,4,0,26,2,0,5,두산,https://6ptotvmi5753.edge.naverncp.com/KBO_IMAGE/person/middle/2025/69203.jpg,2019,2025,0.229,0.257,0.312,0.569
송지후,2005,5,12,12,1,2,0,0,0,2,0,0,1,0,0,1,0,1,2,키움,https://6ptotvmi5753.edge.naverncp.com/KBO_IMAGE/person/middle/2025/54394.jpg,2024,2025,0.167,0.167,0.167,0.333
송찬의,1999,98,216,190,17,38,12,0,5,65,21,5,2,14,7,64,2,5,4,LG,https://6ptotvmi5753.edge.naverncp.com/KBO_IMAGE/person/middle/2025/68110.jpg,2022,2025,0.2,0.255,0.342,0.597
신민재,1996,484,1076,896,200,241,21,8,0,278,92,96,44,128,10,121,14,22,7,LG,https://6ptotvmi5753.edge.naverncp.com/KBO_IMAGE/person/middle/2025/65207.jpg,2019,2025,0.269,0.36,0.31,0.671
신범수,1998,120,237,211,15,39,13,1,4,66,25,0,0,17,5,47,5,1,6,KIA,https://6ptotvmi5753.edge.naverncp.com/KBO_IMAGE/person/middle/2025/66662.jpg,2018,2025,0.185,0.246,0.313,0.558
심우준,1995,1105,3273,2956,413,742,118,15,32,986,284,159,42,193,24,547,47,133,10,KT,https://6ptotvmi5753.edge.naverncp.com/KBO_IMAGE/person/middle/2025/64006.jpg,2015,2025,0.251,0.297,0.334,0.63
심재훈,2006,12,29,24,4,5,0,0,0,5,1,3,1,4,0,8,0,0,1,삼성,https://6ptotvmi5753.edge.naverncp.com/KBO_IMAGE/person/middle/2025/55438.jpg,2025,2025,0.208,0.321,0.208,0.53
안상현,1997,266,368,337,53,75,11,0,3,95,21,19,7,21,1,98,7,17,7,SK,https://6ptotvmi5753.edge.naverncp.com/KBO_IMAGE/person/middle/2025/66864.jpg,2018,2025,0.223,0.268,0.282,0.55
안주형,1993,185,313,273,41,61,5,0,1,69,23,5,4,23,1,73,7,10,7,삼성,https://6ptotvmi5753.edge.naverncp.com/KBO_IMAGE/person/middle/2025/66406.jpg,2017,2025,0.223,0.284,0.253,0.537
안중열,1995,411,935,818,95,176,41,1,18,273,81,2,2,84,10,233,19,26,9,롯데,https://6ptotvmi5753.edge.naverncp.com/KBO_IMAGE/person/middle/2025/64022.jpg,2015,2025,0.215,0.288,0.334,0.622
안치영,1998,146,221,196,38,51,4,1,0,57,13,8,5,11,5,57,2,4,5,KT,https://6ptotvmi5753.edge.naverncp.com/KBO_IMAGE/person/middle/2025/67006.jpg,2017,2025,0.26,0.3,0.291,0.59
안치홍,1990,1764,7046,6201,897,1834,345,25,153,2688,914,137,43,606,76,932,173,136,16,KIA,https://6ptotvmi5753.edge.naverncp.com/KBO_IMAGE/person/middle/2025/79608.jpg,2009,2025,0.296,0.358,0.433,0.792
안현민,2003,29,81,72,13,23,3,2,6,48,17,0,0,5,3,18,0,0,2,KT,https://6ptotvmi5753.edge.naverncp.com/KBO_IMAGE/person/middle/2025/52001.jpg,2024,2025,0.319,0.364,0.667,1.03
양도근,2003,50,72,57,12,15,2,1,0,19,4,3,0,10,1,15,3,1,2,삼성,https://6ptotvmi5753.edge.naverncp.com/KBO_IMAGE/person/middle/2025/54408.jpg,2024,2025,0.263,0.373,0.333,0.706
양석환,1991,1079,4084,3709,482,974,190,7,160,1658,626,26,21,272,48,863,73,81,10,LG,https://6ptotvmi5753.edge.naverncp.com/KBO_IMAGE/person/middle/2025/64153.jpg,2015,2025,0.263,0.313,0.447,0.76
양의지,1987,1872,7024,6037,895,1855,334,11,266,3009,1129,56,23,689,174,778,205,73,17,두산,https://6ptotvmi5753.edge.naverncp.com/KBO_IMAGE/person/middle/2025/76232.jpg,2007,2025,0.307,0.378,0.498,0.877
양현종,2006,3,5,4,1,0,0,0,0,0,0,0,0,1,0,2,0,0,1,키움,https://6ptotvmi5753.edge.naverncp.com/KBO_IMAGE/person/middle/2025/55370.jpg,2025,2025,0.0,0.2,0.0,0.2
어준서,2006,27,72,68,9,17,1,0,1,21,6,0,0,3,0,19,1,8,1,키움,https://6ptotvmi5753.edge.naverncp.com/KBO_IMAGE/person/middle/2025/55392.jpg,2025,2025,0.25,0.282,0.309,0.591
에레디아,1991,271,1171,1062,164,363,60,1,34,527,200,16,11,74,23,156,27,9,3,SSG,https://6ptotvmi5753.edge.naverncp.com/KBO_IMAGE/person/middle/2025/53827.jpg,2023,2025,0.342,0.385,0.496,0.881
여동건,2005,15,13,12,5,4,0,0,0,4,0,3,0,1,0,2,1,0,2,두산,https://6ptotvmi5753.edge.naverncp.com/KBO_IMAGE/person/middle/2025/54205.jpg,2024,2025,0.333,0.385,0.333,0.718
여동욱,2005,11,24,21,2,4,0,0,1,7,1,0,0,3,0,9,2,2,1,키움,https://6ptotvmi5753.edge.naverncp.com/KBO_IMAGE/person/middle/2025/55393.jpg,2025,2025,0.19,0.292,0.333,0.625
오명진,2001,38,102,92,12,21,4,1,1,30,15,1,0,9,1,20,1,1,4,두산,https://6ptotvmi5753.edge.naverncp.com/KBO_IMAGE/person/middle/2025/50208.jpg,2020,2025,0.228,0.297,0.326,0.623
오선우,1996,152,251,231,30,49,3,1,9,81,33,0,0,16,4,98,3,2,6,KIA,https://6ptotvmi5753.edge.naverncp.com/KBO_IMAGE/person/middle/2025/69636.jpg,2019,2025,0.212,0.263,0.351,0.614
오선진,1989,1166,3047,2681,280,646,97,6,19,812,239,49,28,207,61,527,77,70,16,한화,https://6ptotvmi5753.edge.naverncp.com/KBO_IMAGE/person/middle/2025/78756.jpg,2008,2025,0.241,0.295,0.303,0.598
오스틴,1993,315,1337,1174,217,371,68,7,67,654,259,20,11,135,6,174,24,23,3,LG,https://6ptotvmi5753.edge.naverncp.com/KBO_IMAGE/person/middle/2025/53123.jpg,2023,2025,0.316,0.387,0.557,0.944
오영수,2000,196,581,517,51,118,20,1,14,182,64,3,10,43,9,140,9,12,6,NC,https://6ptotvmi5753.edge.naverncp.com/KBO_IMAGE/person/middle/2025/68904.jpg,2018,2025,0.228,0.288,0.352,0.64
오윤석,1992,568,1488,1280,174,322,62,4,26,470,158,11,4,142,23,317,37,29,9,롯데,https://6ptotvmi5753.edge.naverncp.com/KBO_IMAGE/person/middle/2025/64504.jpg,2015,2025,0.252,0.326,0.367,0.693
오지환,1990,1898,7477,6443,1029,1702,330,62,168,2660,884,277,106,796,94,1646,92,253,17,LG,https://6ptotvmi5753.edge.naverncp.com/KBO_IMAGE/person/middle/2025/79109.jpg,2009,2025,0.264,0.345,0.413,0.758
오태곤,1991,1230,3215,2900,474,749,159,8,74,1146,338,161,47,208,42,751,60,59,13,롯데,https://6ptotvmi5753.edge.naverncp.com/KBO_IMAGE/person/middle/2025/60558.jpg,2011,2025,0.258,0.308,0.395,0.703
우강훈,2002,2,0,0,0,0,0,0,0,0,0,0,0,0,0,0,0,0,1,LG,https://6ptotvmi5753.edge.naverncp.com/KBO_IMAGE/person/middle/2025/51526.jpg,2025,2025,,,,
원성준,2000,58,145,131,14,31,5,0,3,45,14,2,0,11,0,42,2,1,2,키움,https://6ptotvmi5753.edge.naverncp.com/KBO_IMAGE/person/middle/2025/54307.jpg,2024,2025,0.237,0.296,0.344,0.639
위즈덤,1991,35,147,121,25,29,9,0,9,65,26,2,0,23,1,37,1,0,1,KIA,https://6ptotvmi5753.edge.naverncp.com/KBO_IMAGE/person/middle/2025/55645.jpg,2025,2025,0.24,0.361,0.537,0.898
유강남,1992,1239,3992,3554,411,944,159,1,121,1468,538,8,3,257,110,709,122,47,13,LG,https://6ptotvmi5753.edge.naverncp.com/KBO_IMAGE/person/middle/2025/61102.jpg,2011,2025,0.266,0.315,0.413,0.728
유준규,2002,21,44,37,7,4,0,0,0,4,3,1,0,6,0,15,0,0,2,KT,https://6ptotvmi5753.edge.naverncp.com/KBO_IMAGE/person/middle/2025/51013.jpg,2022,2025,0.108,0.233,0.108,0.341
윤도현,2003,10,36,34,8,13,4,0,1,20,8,1,0,2,0,12,0,2,3,KIA,https://6ptotvmi5753.edge.naverncp.com/KBO_IMAGE/person/middle/2025/52667.jpg,2023,2025,0.382,0.417,0.588,1.005
윤동희,2003,286,1184,1049,167,302,59,5,19,428,138,12,15,112,9,209,28,9,4,롯데,https://6ptotvmi5753.edge.naverncp.com/KBO_IMAGE/person/middle/2025/52591.jpg,2022,2025,0.288,0.357,0.408,0.765
윤정빈,1999,133,284,242,35,58,5,1,8,89,26,2,3,33,5,80,3,0,4,삼성,https://6ptotvmi5753.edge.naverncp.com/KBO_IMAGE/person/middle/2025/68463.jpg,2022,2025,0.24,0.331,0.368,0.699
윤준혁,2001,28,33,31,4,4,3,0,0,7,0,1,0,1,0,10,0,1,2,KT,https://6ptotvmi5753.edge.naverncp.com/KBO_IMAGE/person/middle/2025/50092.jpg,2024,2025,0.129,0.156,0.226,0.382
이도윤,1996,421,1012,909,110,218,34,7,3,275,83,21,11,61,8,177,15,35,7,한화,https://6ptotvmi5753.edge.naverncp.com/KBO_IMAGE/person/middle/2025/65703.jpg,2018,2025,0.24,0.288,0.303,0.59
이로운,2004,4,0,0,0,0,0,0,0,0,0,0,0,0,0,0,0,0,2,SSG,https://6ptotvmi5753.edge.naverncp.com/KBO_IMAGE/person/middle/2025/53892.jpg,2024,2025,,,,
이병헌,1999,139,225,197,14,45,5,0,1,53,12,0,0,21,3,64,0,4,4,삼성,https://6ptotvmi5753.edge.naverncp.com/KBO_IMAGE/person/middle/2025/69428.jpg,2022,2025,0.228,0.303,0.269,0.572
이상혁,2001,69,23,20,18,4,1,0,0,5,1,7,7,2,0,7,0,0,3,한화,https://6ptotvmi5753.edge.naverncp.com/KBO_IMAGE/person/middle/2025/52704.jpg,2023,2025,0.2,0.273,0.25,0.523
이성규,1993,387,894,778,119,162,29,3,36,305,114,18,7,66,27,263,18,20,8,삼성,https://6ptotvmi5753.edge.naverncp.com/KBO_IMAGE/person/middle/2025/66409.jpg,2016,2025,0.208,0.27,0.392,0.662
이승원,2004,25,48,44,3,4,1,0,0,5,1,0,0,2,0,15,2,5,3,키움,https://6ptotvmi5753.edge.naverncp.com/KBO_IMAGE/person/middle/2025/53302.jpg,2023,2025,0.091,0.13,0.114,0.244
이승현,2002,5,1,1,1,1,0,1,0,3,1,0,0,0,0,0,0,0,2,삼성,https://6ptotvmi5753.edge.naverncp.com/KBO_IMAGE/person/middle/2025/51454.jpg,2023,2025,1.0,1.0,3.0,4.0
이영빈,2002,174,332,296,49,66,14,0,5,95,34,6,4,26,3,99,4,10,4,LG,https://6ptotvmi5753.edge.naverncp.com/KBO_IMAGE/person/middle/2025/51100.jpg,2021,2025,0.223,0.286,0.321,0.607
이용규,1985,2030,8463,7248,1211,2138,272,66,27,2623,570,397,148,923,132,776,106,35,21,LG,https://6ptotvmi5753.edge.naverncp.com/KBO_IMAGE/person/middle/2025/74163.jpg,2004,2025,0.295,0.375,0.362,0.737
이우성,1994,601,1654,1460,187,386,66,2,30,546,187,20,8,151,19,342,47,20,10,두산,https://6ptotvmi5753.edge.naverncp.com/KBO_IMAGE/person/middle/2025/63260.jpg,2016,2025,0.264,0.333,0.374,0.707
이원석,1999,280,507,436,81,82,7,3,3,104,36,33,7,54,7,141,10,6,6,한화,https://6ptotvmi5753.edge.naverncp.com/KBO_IMAGE/person/middle/2025/68700.jpg,2019,2025,0.188,0.278,0.239,0.516
이유찬,1998,386,710,624,120,163,22,4,5,208,54,51,17,60,7,154,14,29,7,두산,https://6ptotvmi5753.edge.naverncp.com/KBO_IMAGE/person/middle/2025/67207.jpg,2018,2025,0.261,0.326,0.333,0.659
이율예,2006,1,1,1,0,0,0,0,0,0,0,0,0,0,0,1,0,0,1,SSG,https://6ptotvmi5753.edge.naverncp.com/KBO_IMAGE/person/middle/2025/55832.jpg,2025,2025,0.0,0.0,0.0,0.0
이인한,1998,8,5,4,0,2,0,0,0,2,2,0,0,0,1,1,0,0,2,롯데,https://6ptotvmi5753.edge.naverncp.com/KBO_IMAGE/person/middle/2025/50608.jpg,2024,2025,0.5,0.5,0.5,1.0
이재상,2005,38,91,86,7,17,1,0,1,21,5,0,0,2,2,34,0,5,2,키움,https://6ptotvmi5753.edge.naverncp.com/KBO_IMAGE/person/middle/2025/54305.jpg,2024,2025,0.198,0.216,0.244,0.46
이재원,1988,1536,4681,4099,442,1129,191,6,109,1659,633,13,13,384,97,656,166,63,19,SK,https://6ptotvmi5753.edge.naverncp.com/KBO_IMAGE/person/middle/2025/76812.jpg,2006,2025,0.275,0.337,0.405,0.742
이재현,2003,369,1415,1219,183,302,47,3,37,466,168,9,5,146,19,259,25,46,4,삼성,https://6ptotvmi5753.edge.naverncp.com/KBO_IMAGE/person/middle/2025/52415.jpg,2022,2025,0.248,0.328,0.382,0.71
이재희,2001,1,0,0,0,0,0,0,0,0,0,0,0,0,0,0,0,0,1,삼성,https://6ptotvmi5753.edge.naverncp.com/KBO_IMAGE/person/middle/2025/51460.jpg,2025,2025,,,,
이주헌,2003,20,36,29,3,7,2,0,1,12,4,0,0,5,2,10,0,0,2,LG,https://6ptotvmi5753.edge.naverncp.com/KBO_IMAGE/person/middle/2025/52154.jpg,2024,2025,0.241,0.353,0.414,0.767
이주형,2001,228,919,807,130,223,35,7,23,341,104,12,3,79,27,216,10,3,4,LG,https://6ptotvmi5753.edge.naverncp.com/KBO_IMAGE/person/middle/2025/50167.jpg,2021,2025,0.276,0.341,0.423,0.763
이지강,1999,5,0,0,0,0,0,0,0,0,0,0,0,0,0,0,0,0,2,LG,https://6ptotvmi5753.edge.naverncp.com/KBO_IMAGE/person/middle/2025/69108.jpg,2024,2025,,,,
이지영,1986,1414,4194,3831,413,1068,114,18,22,1284,422,35,17,200,44,424,119,76,15,삼성,https://6ptotvmi5753.edge.naverncp.com/KBO_IMAGE/person/middle/2025/79456.jpg,2009,2025,0.279,0.315,0.335,0.65
이진영,1997,360,1000,869,143,200,51,2,25,330,121,11,6,104,12,315,14,11,9,KIA,https://6ptotvmi5753.edge.naverncp.com/KBO_IMAGE/person/middle/2025/66657.jpg,2016,2025,0.23,0.312,0.38,0.692
이창용,1999,16,34,32,3,7,2,0,1,12,4,1,0,2,0,9,0,2,2,삼성,https://6ptotvmi5753.edge.naverncp.com/KBO_IMAGE/person/middle/2025/51407.jpg,2024,2025,0.219,0.265,0.375,0.64
이형종,1989,773,2746,2380,341,639,130,6,71,994,312,30,16,259,66,502,55,14,10,LG,https://6ptotvmi5753.edge.naverncp.com/KBO_IMAGE/person/middle/2025/78135.jpg,2016,2025,0.268,0.34,0.418,0.758
이호성,2004,1,0,0,0,0,0,0,0,0,0,0,0,0,0,0,0,0,1,삼성,https://6ptotvmi5753.edge.naverncp.com/KBO_IMAGE/person/middle/2025/53455.jpg,2025,2025,,,,
이호준,2004,46,74,62,15,16,4,5,0,30,9,0,0,7,3,15,1,5,2,롯데,https://6ptotvmi5753.edge.naverncp.com/KBO_IMAGE/person/middle/2025/54598.jpg,2024,2025,0.258,0.333,0.484,0.817
임병욱,1995,565,1619,1483,232,387,79,11,32,584,193,55,15,103,13,473,20,17,9,넥센,https://6ptotvmi5753.edge.naverncp.com/KBO_IMAGE/person/middle/2025/64346.jpg,2015,2025,0.261,0.309,0.394,0.703
임종성,2005,8,18,17,0,3,1,0,0,4,1,1,0,1,0,4,0,0,2,두산,https://6ptotvmi5753.edge.naverncp.com/KBO_IMAGE/person/middle/2025/54236.jpg,2024,2025,0.176,0.222,0.235,0.458
임종찬,2001,155,421,379,28,69,15,2,5,103,35,2,4,35,3,142,7,3,5,한화,https://6ptotvmi5753.edge.naverncp.com/KBO_IMAGE/person/middle/2025/50704.jpg,2020,2025,0.182,0.251,0.272,0.523
임지열,1995,177,533,464,52,110,16,0,7,147,60,4,1,52,7,154,9,8,7,키움,https://6ptotvmi5753.edge.naverncp.com/KBO_IMAGE/person/middle/2025/64340.jpg,2019,2025,0.237,0.314,0.317,0.631
장두성,1999,229,184,159,62,35,3,1,0,40,14,28,9,17,2,42,3,3,5,롯데,https://6ptotvmi5753.edge.naverncp.com/KBO_IMAGE/person/middle/2025/68507.jpg,2021,2025,0.22,0.295,0.252,0.547
장성우,1990,1392,4474,3892,419,1012,149,2,123,1534,607,13,12,464,17,801,119,67,14,롯데,https://6ptotvmi5753.edge.naverncp.com/KBO_IMAGE/person/middle/2025/78548.jpg,2009,2025,0.26,0.339,0.394,0.733
장승현,1994,319,587,508,46,104,21,0,5,140,52,1,1,37,22,139,11,10,8,두산,https://6ptotvmi5753.edge.naverncp.com/KBO_IMAGE/person/middle/2025/63202.jpg,2018,2025,0.205,0.259,0.276,0.534
장재영,2002,49,155,133,15,22,3,0,4,37,15,1,0,19,3,71,2,1,3,키움,https://6ptotvmi5753.edge.naverncp.com/KBO_IMAGE/person/middle/2025/51359.jpg,2021,2025,0.165,0.27,0.278,0.548
장준원,1995,231,352,308,36,59,9,1,5,85,32,4,0,31,1,73,9,7,9,LG,https://6ptotvmi5753.edge.naverncp.com/KBO_IMAGE/person/middle/2025/64115.jpg,2015,2025,0.192,0.265,0.276,0.541
장진혁,1993,393,1074,959,144,234,43,8,12,329,100,37,19,91,10,232,14,9,7,한화,https://6ptotvmi5753.edge.naverncp.com/KBO_IMAGE/person/middle/2025/66706.jpg,2018,2025,0.244,0.31,0.343,0.653
장현식,1995,5,0,0,0,0,0,0,0,0,0,0,0,0,0,0,0,0,5,NC,https://6ptotvmi5753.edge.naverncp.com/KBO_IMAGE/person/middle/2025/63950.jpg,2016,2025,,,,
전다민,2001,37,41,34,12,9,2,0,0,11,1,4,1,7,0,8,0,1,2,두산,https://6ptotvmi5753.edge.naverncp.com/KBO_IMAGE/person/middle/2025/54214.jpg,2024,2025,0.265,0.39,0.324,0.714
전민재,1999,207,459,415,65,118,16,1,3,145,47,11,6,22,6,89,15,14,7,두산,https://6ptotvmi5753.edge.naverncp.com/KBO_IMAGE/person/middle/2025/68205.jpg,2018,2025,0.284,0.32,0.349,0.67
전병우,1992,520,1258,1083,141,233,44,3,29,370,136,13,2,129,21,377,17,32,8,롯데,https://6ptotvmi5753.edge.naverncp.com/KBO_IMAGE/person/middle/2025/65586.jpg,2018,2025,0.215,0.299,0.342,0.64
전준우,1986,1767,7431,6608,1071,1978,395,26,216,3073,995,137,66,622,94,1109,180,42,17,롯데,https://6ptotvmi5753.edge.naverncp.com/KBO_IMAGE/person/middle/2025/78513.jpg,2008,2025,0.299,0.36,0.465,0.825
전태현,2006,28,86,76,9,18,3,0,0,21,3,1,0,8,0,26,0,1,1,키움,https://6ptotvmi5753.edge.naverncp.com/KBO_IMAGE/person/middle/2025/55397.jpg,2025,2025,0.237,0.31,0.276,0.586
정보근,1999,390,747,662,42,139,12,3,5,172,50,2,1,51,6,158,23,16,7,롯데,https://6ptotvmi5753.edge.naverncp.com/KBO_IMAGE/person/middle/2025/68518.jpg,2019,2025,0.21,0.266,0.26,0.526
정수빈,1990,1720,6253,5429,942,1519,207,87,38,2014,558,337,106,565,84,792,75,24,16,두산,https://6ptotvmi5753.edge.naverncp.com/KBO_IMAGE/person/middle/2025/79231.jpg,2009,2025,0.28,0.348,0.371,0.719
정우주,2006,1,0,0,0,0,0,0,0,0,0,0,0,0,0,0,0,0,1,한화,https://6ptotvmi5753.edge.naverncp.com/KBO_IMAGE/person/middle/2025/55743.jpg,2025,2025,,,,
정준재,2003,127,375,329,55,85,10,6,1,110,28,23,5,36,3,78,4,7,2,SSG,https://6ptotvmi5753.edge.naverncp.com/KBO_IMAGE/person/middle/2025/54812.jpg,2024,2025,0.258,0.332,0.334,0.666
정철원,1999,8,0,0,0,0,0,0,0,0,0,0,0,0,0,0,0,0,4,두산,https://6ptotvmi5753.edge.naverncp.com/KBO_IMAGE/person/middle/2025/68242.jpg,2022,2025,,,,
정해영,2001,8,0,0,0,0,0,0,0,0,0,0,0,0,0,0,0,0,4,KIA,https://6ptotvmi5753.edge.naverncp.com/KBO_IMAGE/person/middle/2025/50662.jpg,2021,2025,,,,
정해원,2004,6,15,12,3,1,0,0,0,1,0,0,0,3,0,2,2,0,1,KIA,https://6ptotvmi5753.edge.naverncp.com/KBO_IMAGE/person/middle/2025/53659.jpg,2025,2025,0.083,0.267,0.083,0.35
정현수,2001,1,0,0,0,0,0,0,0,0,0,0,0,0,0,0,0,0,1,롯데,https://6ptotvmi5753.edge.naverncp.com/KBO_IMAGE/person/middle/2025/54537.jpg,2025,2025,,,,
정현승,2001,26,33,31,1,8,1,0,1,12,4,1,0,2,0,6,0,0,2,SSG,https://6ptotvmi5753.edge.naverncp.com/KBO_IMAGE/person/middle/2025/54815.jpg,2024,2025,0.258,0.303,0.387,0.69
정훈,1987,1432,4763,4111,630,1122,208,21,79,1609,528,76,31,474,73,881,90,79,16,롯데,https://6ptotvmi5753.edge.naverncp.com/KBO_IMAGE/person/middle/2025/60523.jpg,2010,2025,0.273,0.348,0.391,0.739
조대현,1999,40,51,42,2,11,2,0,0,13,3,0,0,3,0,15,1,0,3,KT,https://6ptotvmi5753.edge.naverncp.com/KBO_IMAGE/person/middle/2025/68089.jpg,2022,2025,0.262,0.311,0.31,0.621
조동욱,2004,1,0,0,0,0,0,0,0,0,0,0,0,0,0,0,0,0,1,한화,https://6ptotvmi5753.edge.naverncp.com/KBO_IMAGE/person/middle/2025/54768.jpg,2025,2025,,,,
조병현,2002,4,0,0,0,0,0,0,0,0,0,0,0,0,0,0,0,0,2,SSG,https://6ptotvmi5753.edge.naverncp.com/KBO_IMAGE/person/middle/2025/51897.jpg,2024,2025,,,,
조세진,2003,44,91,89,6,16,3,0,0,19,6,0,1,1,0,28,4,1,2,롯데,https://6ptotvmi5753.edge.naverncp.com/KBO_IMAGE/person/middle/2025/52516.jpg,2022,2025,0.18,0.189,0.213,0.402
조수행,1993,826,1236,1088,259,276,21,9,4,327,93,161,33,101,10,217,13,8,9,두산,https://6ptotvmi5753.edge.naverncp.com/KBO_IMAGE/person/middle/2025/66209.jpg,2016,2025,0.254,0.317,0.301,0.618
조형우,2002,115,255,229,21,49,5,1,4,68,26,0,0,14,6,46,3,6,4,SSG,https://6ptotvmi5753.edge.naverncp.com/KBO_IMAGE/person/middle/2025/51865.jpg,2022,2025,0.214,0.259,0.297,0.556
주승우,2000,6,0,0,0,0,0,0,0,0,0,0,0,0,0,0,0,0,2,키움,https://6ptotvmi5753.edge.naverncp.com/KBO_IMAGE/person/middle/2025/52330.jpg,2024,2025,,,,
채은성,1990,1308,5007,4444,585,1290,224,17,141,1971,778,36,32,351,131,841,111,41,12,LG,https://6ptotvmi5753.edge.naverncp.com/KBO_IMAGE/person/middle/2025/79192.jpg,2014,2025,0.29,0.342,0.444,0.786
채현우,1995,32,29,28,6,4,1,1,0,7,0,6,1,1,0,10,2,0,5,SK,https://6ptotvmi5753.edge.naverncp.com/KBO_IMAGE/person/middle/2025/69804.jpg,2019,2025,0.143,0.172,0.25,0.422
천성호,1997,204,439,395,70,106,17,4,1,134,29,9,2,36,6,76,6,12,4,KT,https://6ptotvmi5753.edge.naverncp.com/KBO_IMAGE/person/middle/2025/50054.jpg,2020,2025,0.268,0.329,0.339,0.669
천재환,1994,232,529,484,61,125,18,4,11,184,61,18,6,25,10,126,13,3,4,NC,https://6ptotvmi5753.edge.naverncp.com/KBO_IMAGE/person/middle/2025/67905.jpg,2022,2025,0.258,0.295,0.38,0.675
최동환,1989,23,0,0,0,0,0,0,0,0,0,0,0,0,0,0,0,0,10,LG,https://6ptotvmi5753.edge.naverncp.com/KBO_IMAGE/person/middle/2025/79140.jpg,2009,2025,,,,
최민준,1999,3,0,0,0,0,0,0,0,0,0,0,0,0,0,0,0,0,3,SSG,https://6ptotvmi5753.edge.naverncp.com/KBO_IMAGE/person/middle/2025/68856.jpg,2022,2025,,,,
최상민,1999,144,81,67,22,12,2,0,0,14,6,8,5,8,2,21,0,0,4,SSG,https://6ptotvmi5753.edge.naverncp.com/KBO_IMAGE/person/middle/2025/68805.jpg,2022,2025,0.179,0.267,0.209,0.476
최성민,2002,22,17,15,2,1,0,0,0,1,0,1,0,1,0,5,0,1,1,KT,https://6ptotvmi5753.edge.naverncp.com/KBO_IMAGE/person/middle/2025/51007.jpg,2025,2025,0.067,0.125,0.067,0.192
최승민,1996,213,110,102,62,24,2,0,0,26,7,35,18,5,0,23,2,1,6,NC,https://6ptotvmi5753.edge.naverncp.com/KBO_IMAGE/person/middle/2025/65905.jpg,2019,2025,0.235,0.271,0.255,0.526
최원영,2003,92,55,50,30,13,4,0,1,20,6,12,6,1,3,11,1,2,2,LG,https://6ptotvmi5753.edge.naverncp.com/KBO_IMAGE/person/middle/2025/52103.jpg,2024,2025,0.26,0.275,0.4,0.675
최원준,1997,778,2761,2444,388,689,114,21,27,926,248,115,41,229,36,362,29,52,9,KIA,https://6ptotvmi5753.edge.naverncp.com/KBO_IMAGE/person/middle/2025/66606.jpg,2016,2025,0.282,0.343,0.379,0.722
최인호,2000,243,744,650,88,168,26,5,9,231,69,7,1,68,11,139,11,3,5,한화,https://6ptotvmi5753.edge.naverncp.com/KBO_IMAGE/person/middle/2025/50707.jpg,2020,2025,0.258,0.329,0.355,0.684
최재훈,1989,1267,3719,3095,341,800,139,1,29,1028,301,17,19,370,160,528,101,42,15,두산,https://6ptotvmi5753.edge.naverncp.com/KBO_IMAGE/person/middle/2025/78288.jpg,2008,2025,0.258,0.338,0.332,0.67
최정,1987,2303,9479,7926,1468,2278,421,11,500,4221,1571,178,75,1043,349,1779,150,210,21,SK,https://6ptotvmi5753.edge.naverncp.com/KBO_IMAGE/person/middle/2025/75847.jpg,2005,2025,0.287,0.37,0.533,0.903
최정용,1996,248,296,264,49,56,4,1,1,65,12,6,1,18,0,78,3,9,9,SK,https://6ptotvmi5753.edge.naverncp.com/KBO_IMAGE/person/middle/2025/65464.jpg,2016,2025,0.212,0.262,0.246,0.509
최정원,2000,233,509,443,106,125,15,5,1,153,30,27,11,44,11,102,3,12,5,NC,https://6ptotvmi5753.edge.naverncp.com/KBO_IMAGE/person/middle/2025/69992.jpg,2020,2025,0.282,0.347,0.345,0.692
최주환,1988,1440,4975,4402,579,1217,246,26,130,1905,701,14,13,428,65,713,77,82,18,두산,https://6ptotvmi5753.edge.naverncp.com/KBO_IMAGE/person/middle/2025/76267.jpg,2006,2025,0.276,0.341,0.433,0.773
최준우,1999,176,442,372,42,90,9,0,5,114,41,3,2,56,2,72,9,11,6,SK,https://6ptotvmi5753.edge.naverncp.com/KBO_IMAGE/person/middle/2025/68868.jpg,2019,2025,0.242,0.341,0.306,0.648
최지훈,1997,689,2916,2597,410,721,118,31,31,994,228,137,30,229,26,375,25,20,6,SK,https://6ptotvmi5753.edge.naverncp.com/KBO_IMAGE/person/middle/2025/50854.jpg,2020,2025,0.278,0.336,0.383,0.719
최항,1994,379,958,838,110,225,34,3,11,298,106,6,4,88,18,205,16,28,9,SK,https://6ptotvmi5753.edge.naverncp.com/KBO_IMAGE/person/middle/2025/62884.jpg,2017,2025,0.268,0.338,0.356,0.694
최형우,1983,2218,9371,8005,1309,2480,525,20,401,4248,1674,29,19,1148,115,1429,189,30,20,삼성,https://6ptotvmi5753.edge.naverncp.com/KBO_IMAGE/person/middle/2025/72443.jpg,2002,2025,0.31,0.396,0.531,0.927
추재현,1999,155,435,382,56,91,21,1,6,132,34,6,3,38,9,88,6,3,6,키움,https://6ptotvmi5753.edge.naverncp.com/KBO_IMAGE/person/middle/2025/68362.jpg,2019,2025,0.238,0.307,0.346,0.653
카디네스,1997,44,182,156,20,40,7,1,6,67,28,1,2,20,4,42,3,3,2,삼성,https://6ptotvmi5753.edge.naverncp.com/KBO_IMAGE/person/middle/2025/54444.jpg,2024,2025,0.256,0.341,0.429,0.77
케이브,1992,33,145,131,19,42,7,1,3,60,21,6,0,10,1,29,0,1,1,두산,https://6ptotvmi5753.edge.naverncp.com/KBO_IMAGE/person/middle/2025/55208.jpg,2025,2025,0.321,0.369,0.458,0.827
푸이그,1990,161,697,609,81,159,32,0,26,269,91,6,3,68,16,134,7,8,2,키움,https://6ptotvmi5753.edge.naverncp.com/KBO_IMAGE/person/middle/2025/52366.jpg,2022,2025,0.261,0.335,0.442,0.777
플로리얼,1997,41,182,166,21,44,13,1,3,68,21,8,3,15,0,47,2,2,1,한화,https://6ptotvmi5753.edge.naverncp.com/KBO_IMAGE/person/middle/2025/55734.jpg,2025,2025,0.265,0.326,0.41,0.736
하재훈,1990,255,685,622,95,160,35,2,24,271,87,27,2,42,8,195,5,11,6,SK,https://6ptotvmi5753.edge.naverncp.com/KBO_IMAGE/person/middle/2025/69813.jpg,2020,2025,0.257,0.304,0.436,0.74
하주석,1994,882,3177,2910,388,772,130,18,49,1085,340,81,43,187,36,767,37,106,13,한화,https://6ptotvmi5753.edge.naverncp.com/KBO_IMAGE/person/middle/2025/62700.jpg,2012,2025,0.265,0.31,0.373,0.683
한두솔,1997,2,0,0,0,0,0,0,0,0,0,0,0,0,0,0,0,0,2,SSG,https://6ptotvmi5753.edge.naverncp.com/KBO_IMAGE/person/middle/2025/68092.jpg,2024,2025,,,,
한석현,1994,114,243,212,35,51,11,2,1,69,18,8,3,16,6,60,5,3,6,LG,https://6ptotvmi5753.edge.naverncp.com/KBO_IMAGE/person/middle/2025/64101.jpg,2020,2025,0.241,0.294,0.325,0.619
한승택,1994,625,1307,1129,103,234,35,2,19,330,118,1,0,118,20,339,30,22,11,한화,https://6ptotvmi5753.edge.naverncp.com/KBO_IMAGE/person/middle/2025/63722.jpg,2013,2025,0.207,0.282,0.292,0.575
한유섬,1989,1155,4351,3740,548,998,208,11,198,1822,697,15,11,436,126,987,63,29,13,SK,https://6ptotvmi5753.edge.naverncp.com/KBO_IMAGE/person/middle/2025/62895.jpg,2012,2025,0.267,0.343,0.487,0.831
한재환,2001,21,37,34,3,7,1,0,0,8,5,0,0,2,1,15,0,0,2,NC,https://6ptotvmi5753.edge.naverncp.com/KBO_IMAGE/person/middle/2025/50903.jpg,2024,2025,0.206,0.25,0.235,0.485
한준수,1999,196,502,454,59,127,31,0,11,191,62,0,0,37,2,89,11,6,4,KIA,https://6ptotvmi5753.edge.naverncp.com/KBO_IMAGE/person/middle/2025/68646.jpg,2019,2025,0.28,0.334,0.421,0.755
한태양,2003,63,84,71,22,13,2,0,0,15,4,3,0,7,2,26,1,6,2,롯데,https://6ptotvmi5753.edge.naverncp.com/KBO_IMAGE/person/middle/2025/52568.jpg,2022,2025,0.183,0.256,0.211,0.468
함수호,2006,1,1,1,0,0,0,0,0,0,0,0,0,0,0,0,0,0,1,삼성,https://6ptotvmi5753.edge.naverncp.com/KBO_IMAGE/person/middle/2025/55440.jpg,2025,2025,0.0,0.0,0.0,0.0
함창건,2001,17,23,20,3,2,0,0,0,2,0,0,0,2,0,5,1,0,2,LG,https://6ptotvmi5753.edge.naverncp.com/KBO_IMAGE/person/middle/2025/50108.jpg,2024,2025,0.1,0.182,0.1,0.282
허경민,1990,1574,5849,5168,774,1514,271,18,61,2004,644,125,58,419,138,454,153,96,14,두산,https://6ptotvmi5753.edge.naverncp.com/KBO_IMAGE/person/middle/2025/79240.jpg,2012,2025,0.293,0.346,0.388,0.734
허인서,2003,9,20,19,1,4,1,0,0,5,1,0,0,1,0,8,0,1,2,한화,https://6ptotvmi5753.edge.naverncp.com/KBO_IMAGE/person/middle/2025/52764.jpg,2022,2025,0.211,0.25,0.263,0.513
현원회,2001,9,24,21,1,3,1,0,0,4,3,0,0,3,0,9,0,0,3,SK,https://6ptotvmi5753.edge.naverncp.com/KBO_IMAGE/person/middle/2025/50840.jpg,2020,2025,0.143,0.25,0.19,0.44
홍대인,2001,1,0,0,1,0,0,0,0,0,0,0,0,0,0,0,0,0,1,SSG,https://6ptotvmi5753.edge.naverncp.com/KBO_IMAGE/person/middle/2025/55897.jpg,2025,2025,,,,
홍민규,2006,1,0,0,0,0,0,0,0,0,0,0,0,0,0,0,0,0,1,두산,https://6ptotvmi5753.edge.naverncp.com/KBO_IMAGE/person/middle/2025/55267.jpg,2025,2025,,,,
홍종표,2000,196,250,219,50,56,7,3,0,69,19,6,4,17,2,51,2,5,4,KIA,https://6ptotvmi5753.edge.naverncp.com/KBO_IMAGE/person/middle/2025/50600.jpg,2020,2025,0.256,0.309,0.315,0.624
홍창기,1993,753,3188,2597,499,806,134,17,17,1025,295,85,52,467,87,488,44,17,9,LG,https://6ptotvmi5753.edge.naverncp.com/KBO_IMAGE/person/middle/2025/66108.jpg,2016,2025,0.31,0.415,0.395,0.81
홍현빈,1997,241,258,216,44,44,4,1,0,50,6,8,2,33,0,77,3,2,8,KT,https://6ptotvmi5753.edge.naverncp.com/KBO_IMAGE/person/middle/2025/67005.jpg,2017,2025,0.204,0.309,0.231,0.541
황동하,2002,4,0,0,0,0,0,0,0,0,0,0,0,0,0,0,0,0,3,KIA,https://6ptotvmi5753.edge.naverncp.com/KBO_IMAGE/person/middle/2025/52641.jpg,2023,2025,,,,
황성빈,1997,329,1071,967,196,283,35,15,5,363,62,80,29,72,7,152,7,14,4,롯데,https://6ptotvmi5753.edge.naverncp.com/KBO_IMAGE/person/middle/2025/50500.jpg,2022,2025,0.293,0.342,0.375,0.717
황영묵,1999,158,514,460,72,133,15,4,4,168,42,4,8,44,5,72,7,14,2,한화,https://6ptotvmi5753.edge.naverncp.com/KBO_IMAGE/person/middle/2025/54795.jpg,2024,2025,0.289,0.351,0.365,0.716
황재균,1987,2127,8608,7678,1135,2191,409,45,221,3353,1086,234,123,724,68,1442,181,239,18,현대,https://6ptotvmi5753.edge.naverncp.com/KBO_IMAGE/person/middle/2025/76313.jpg,2007,2025,0.285,0.347,0.437,0.784
