name,birth,G,AB,R,H,2B,3B,HR,RBI,SB,CS,BB,SO,active_year,pic_url,first_year,last_year,AVG,OBP,SLG,OPS
강민성,1999,23,36,2,5,1,0,0,0,0,0,7,15,3,https://6ptotvmi5753.edge.naverncp.com/KBO_IMAGE/person/middle/2025/69064.jpg,2023,2025,0.139,0.279,0.167,0.446
강민호,1985,2408,7752,978,2147,383,12,340,1266,33,35,817,1550,22,https://6ptotvmi5753.edge.naverncp.com/KBO_IMAGE/person/middle/2025/74540.jpg,2004,2025,0.277,0.346,0.461,0.807
강백호,1999,834,3133,511,953,192,6,127,520,39,20,407,641,8,https://6ptotvmi5753.edge.naverncp.com/KBO_IMAGE/person/middle/2025/68050.jpg,2018,2025,0.304,0.384,0.491,0.875
강승호,1994,741,2343,320,600,133,20,54,323,57,22,153,650,9,https://6ptotvmi5753.edge.naverncp.com/KBO_IMAGE/person/middle/2025/63123.jpg,2016,2025,0.256,0.302,0.399,0.701
강진성,1993,482,1247,146,327,64,2,26,156,24,5,90,201,10,https://6ptotvmi5753.edge.naverncp.com/KBO_IMAGE/person/middle/2025/62925.jpg,2013,2025,0.262,0.312,0.379,0.691
강현우,2001,107,171,17,36,9,0,3,23,0,1,19,42,4,https://6ptotvmi5753.edge.naverncp.com/KBO_IMAGE/person/middle/2025/50066.jpg,2020,2025,0.211,0.289,0.316,0.605
고명준,2002,150,480,40,119,21,0,13,61,4,4,33,132,4,https://6ptotvmi5753.edge.naverncp.com/KBO_IMAGE/person/middle/2025/51868.jpg,2021,2025,0.248,0.296,0.373,0.669
고승민,2000,369,1182,168,337,66,12,22,156,16,12,125,227,5,https://6ptotvmi5753.edge.naverncp.com/KBO_IMAGE/person/middle/2025/69517.jpg,2019,2025,0.285,0.353,0.417,0.771
고영우,2001,97,258,21,65,12,2,0,35,0,0,28,75,2,https://6ptotvmi5753.edge.naverncp.com/KBO_IMAGE/person/middle/2025/54344.jpg,2024,2025,0.252,0.325,0.314,0.639
구본혁,1997,474,631,97,140,21,4,4,68,10,7,62,106,5,https://6ptotvmi5753.edge.naverncp.com/KBO_IMAGE/person/middle/2025/69100.jpg,2019,2025,0.222,0.291,0.287,0.578
구자욱,1993,1251,4846,912,1534,309,56,175,813,140,37,499,936,11,https://6ptotvmi5753.edge.naverncp.com/KBO_IMAGE/person/middle/2025/62404.jpg,2015,2025,0.317,0.38,0.512,0.892
권광민,1997,120,195,27,40,7,2,6,26,2,1,22,72,4,https://6ptotvmi5753.edge.naverncp.com/KBO_IMAGE/person/middle/2025/52769.jpg,2022,2025,0.205,0.286,0.354,0.64
권동진,1998,171,192,43,50,9,2,1,17,7,4,31,71,4,https://6ptotvmi5753.edge.naverncp.com/KBO_IMAGE/person/middle/2025/51003.jpg,2021,2025,0.26,0.363,0.344,0.707
권희동,1990,1111,3322,475,886,156,8,103,531,30,12,468,606,12,https://6ptotvmi5753.edge.naverncp.com/KBO_IMAGE/person/middle/2025/63963.jpg,2013,2025,0.267,0.357,0.411,0.769
김건형,1996,26,58,6,10,2,0,0,1,1,0,7,14,3,https://6ptotvmi5753.edge.naverncp.com/KBO_IMAGE/person/middle/2025/51005.jpg,2021,2025,0.172,0.262,0.207,0.468
김건희,2004,109,324,32,78,17,0,10,41,0,0,21,109,3,https://6ptotvmi5753.edge.naverncp.com/KBO_IMAGE/person/middle/2025/53312.jpg,2023,2025,0.241,0.287,0.386,0.673
김규성,1997,387,470,85,95,11,3,6,36,11,4,39,135,6,https://6ptotvmi5753.edge.naverncp.com/KBO_IMAGE/person/middle/2025/66614.jpg,2020,2025,0.202,0.263,0.277,0.54
김기연,1997,165,354,41,94,13,0,6,45,1,2,33,74,5,https://6ptotvmi5753.edge.naverncp.com/KBO_IMAGE/person/middle/2025/66112.jpg,2018,2025,0.266,0.328,0.353,0.681
김도영,2003,343,1161,259,362,65,19,50,190,78,11,131,244,4,https://6ptotvmi5753.edge.naverncp.com/KBO_IMAGE/person/middle/2025/52605.jpg,2022,2025,0.312,0.382,0.53,0.911
김동헌,2004,123,255,25,60,6,2,2,21,0,0,22,68,3,https://6ptotvmi5753.edge.naverncp.com/KBO_IMAGE/person/middle/2025/53344.jpg,2023,2025,0.235,0.296,0.298,0.594
김민석,2004,191,528,70,129,28,2,3,48,19,5,35,147,3,https://6ptotvmi5753.edge.naverncp.com/KBO_IMAGE/person/middle/2025/53554.jpg,2023,2025,0.244,0.291,0.322,0.613
김민성,1988,1760,5380,678,1437,287,11,134,746,52,32,499,1043,19,https://6ptotvmi5753.edge.naverncp.com/KBO_IMAGE/person/middle/2025/77564.jpg,2007,2025,0.267,0.329,0.399,0.729
김민수,1998,210,467,34,110,21,2,3,40,2,1,40,161,8,https://6ptotvmi5753.edge.naverncp.com/KBO_IMAGE/person/middle/2025/67504.jpg,2017,2025,0.236,0.296,0.308,0.604
김민혁,1995,818,2324,331,684,74,16,10,201,76,41,203,336,9,https://6ptotvmi5753.edge.naverncp.com/KBO_IMAGE/person/middle/2025/64004.jpg,2015,2025,0.294,0.351,0.353,0.704
김민혁,1996,114,207,22,47,7,0,8,33,0,0,22,67,7,https://6ptotvmi5753.edge.naverncp.com/KBO_IMAGE/person/middle/2025/65269.jpg,2017,2025,0.227,0.301,0.377,0.678
김상수,1990,1813,5960,879,1614,266,38,63,653,260,77,590,896,17,https://6ptotvmi5753.edge.naverncp.com/KBO_IMAGE/person/middle/2025/79402.jpg,2009,2025,0.271,0.336,0.36,0.696
김석환,1999,71,140,17,22,3,0,4,13,0,0,12,50,5,https://6ptotvmi5753.edge.naverncp.com/KBO_IMAGE/person/middle/2025/67610.jpg,2018,2025,0.157,0.224,0.264,0.488
김선빈,1989,1652,5481,749,1671,268,13,41,634,155,68,597,538,17,https://6ptotvmi5753.edge.naverncp.com/KBO_IMAGE/person/middle/2025/78603.jpg,2008,2025,0.305,0.373,0.381,0.754
김성욱,1993,967,2174,360,516,93,12,78,293,64,26,196,506,11,https://6ptotvmi5753.edge.naverncp.com/KBO_IMAGE/person/middle/2025/62934.jpg,2013,2025,0.237,0.3,0.399,0.699
김성윤,1999,283,525,108,151,19,8,6,57,43,11,49,92,8,https://6ptotvmi5753.edge.naverncp.com/KBO_IMAGE/person/middle/2025/67449.jpg,2017,2025,0.288,0.348,0.389,0.737
김성현,1987,1594,4238,555,1140,184,11,46,452,49,32,389,469,18,https://6ptotvmi5753.edge.naverncp.com/KBO_IMAGE/person/middle/2025/76802.jpg,2006,2025,0.269,0.33,0.35,0.681
김수윤,1998,49,58,1,8,1,0,1,4,0,0,3,21,5,https://6ptotvmi5753.edge.naverncp.com/KBO_IMAGE/person/middle/2025/67900.jpg,2021,2025,0.138,0.18,0.207,0.387
김영웅,2003,227,681,93,166,26,4,37,115,11,3,61,228,4,https://6ptotvmi5753.edge.naverncp.com/KBO_IMAGE/person/middle/2025/52430.jpg,2022,2025,0.244,0.306,0.457,0.763
김웅빈,1996,343,826,94,200,43,2,19,114,2,3,85,251,9,https://6ptotvmi5753.edge.naverncp.com/KBO_IMAGE/person/middle/2025/65898.jpg,2016,2025,0.242,0.313,0.368,0.681
김인태,1994,499,1057,135,260,46,2,22,132,4,4,176,225,10,https://6ptotvmi5753.edge.naverncp.com/KBO_IMAGE/person/middle/2025/63257.jpg,2016,2025,0.246,0.354,0.356,0.709
김재성,1996,203,362,32,87,16,1,5,38,1,1,48,95,7,https://6ptotvmi5753.edge.naverncp.com/KBO_IMAGE/person/middle/2025/65132.jpg,2015,2025,0.24,0.329,0.331,0.661
김재혁,1999,55,84,12,17,3,1,0,9,6,2,8,30,3,https://6ptotvmi5753.edge.naverncp.com/KBO_IMAGE/person/middle/2025/52424.jpg,2022,2025,0.202,0.272,0.262,0.534
김재현,1993,548,918,83,203,40,0,7,84,1,2,44,229,10,https://6ptotvmi5753.edge.naverncp.com/KBO_IMAGE/person/middle/2025/62332.jpg,2015,2025,0.221,0.257,0.288,0.544
김재환,1988,1417,4855,812,1375,259,16,268,956,37,13,697,1267,15,https://6ptotvmi5753.edge.naverncp.com/KBO_IMAGE/person/middle/2025/78224.jpg,2008,2025,0.283,0.373,0.509,0.882
김주원,2002,463,1366,196,323,48,9,38,182,52,17,156,395,5,https://6ptotvmi5753.edge.naverncp.com/KBO_IMAGE/person/middle/2025/51907.jpg,2021,2025,0.236,0.315,0.368,0.683
김지찬,2001,620,1720,338,492,41,13,6,124,131,17,211,220,6,https://6ptotvmi5753.edge.naverncp.com/KBO_IMAGE/person/middle/2025/50458.jpg,2020,2025,0.286,0.364,0.335,0.7
김찬형,1997,331,547,77,134,25,2,5,40,10,6,36,108,8,https://6ptotvmi5753.edge.naverncp.com/KBO_IMAGE/person/middle/2025/66917.jpg,2017,2025,0.245,0.292,0.325,0.617
김창평,2000,101,155,21,25,6,1,0,11,10,1,18,37,5,https://6ptotvmi5753.edge.naverncp.com/KBO_IMAGE/person/middle/2025/69825.jpg,2019,2025,0.161,0.249,0.213,0.461
김태군,1989,1425,3223,295,802,126,2,32,342,3,7,191,467,17,https://6ptotvmi5753.edge.naverncp.com/KBO_IMAGE/person/middle/2025/78122.jpg,2008,2025,0.249,0.291,0.319,0.61
김태근,1996,103,91,19,19,4,0,0,6,1,7,2,36,5,https://6ptotvmi5753.edge.naverncp.com/KBO_IMAGE/person/middle/2025/69207.jpg,2019,2025,0.209,0.226,0.253,0.479
김태연,1997,469,1400,181,368,72,0,28,185,20,10,166,348,8,https://6ptotvmi5753.edge.naverncp.com/KBO_IMAGE/person/middle/2025/66704.jpg,2017,2025,0.263,0.341,0.374,0.715
김태진,1995,600,1814,214,478,53,16,11,165,29,17,95,284,10,https://6ptotvmi5753.edge.naverncp.com/KBO_IMAGE/person/middle/2025/64984.jpg,2015,2025,0.264,0.3,0.329,0.629
김태훈,1996,100,186,11,36,7,1,2,10,1,1,2,50,7,https://6ptotvmi5753.edge.naverncp.com/KBO_IMAGE/person/middle/2025/65040.jpg,2015,2025,0.194,0.202,0.274,0.476
김한별,2001,153,173,20,42,1,1,0,9,1,4,7,40,4,https://6ptotvmi5753.edge.naverncp.com/KBO_IMAGE/person/middle/2025/50902.jpg,2022,2025,0.243,0.272,0.26,0.532
김헌곤,1988,932,2607,341,711,100,11,47,307,66,34,224,350,13,https://6ptotvmi5753.edge.naverncp.com/KBO_IMAGE/person/middle/2025/61404.jpg,2011,2025,0.273,0.33,0.374,0.704
김현수,1988,2122,7750,1208,2424,454,29,250,1454,71,48,1035,918,18,https://6ptotvmi5753.edge.naverncp.com/KBO_IMAGE/person/middle/2025/76290.jpg,2006,2025,0.313,0.394,0.476,0.869
김형준,1999,337,786,94,169,24,1,37,111,1,0,88,278,6,https://6ptotvmi5753.edge.naverncp.com/KBO_IMAGE/person/middle/2025/68912.jpg,2018,2025,0.215,0.294,0.389,0.683
김호령,1992,673,1302,236,306,51,9,20,122,46,21,115,395,9,https://6ptotvmi5753.edge.naverncp.com/KBO_IMAGE/person/middle/2025/65653.jpg,2015,2025,0.235,0.297,0.334,0.631
김휘집,2002,432,1371,189,321,64,2,37,179,5,3,163,381,5,https://6ptotvmi5753.edge.naverncp.com/KBO_IMAGE/person/middle/2025/51344.jpg,2021,2025,0.234,0.316,0.365,0.68
나성범,1989,1411,5511,1021,1721,346,30,276,1080,100,29,509,1354,13,https://6ptotvmi5753.edge.naverncp.com/KBO_IMAGE/person/middle/2025/62947.jpg,2013,2025,0.312,0.37,0.536,0.907
나승엽,2002,224,672,95,191,46,5,16,106,2,0,109,141,3,https://6ptotvmi5753.edge.naverncp.com/KBO_IMAGE/person/middle/2025/51551.jpg,2021,2025,0.284,0.384,0.439,0.823
노시환,2000,727,2534,379,674,125,9,102,418,28,11,314,678,7,https://6ptotvmi5753.edge.naverncp.com/KBO_IMAGE/person/middle/2025/69737.jpg,2019,2025,0.266,0.347,0.443,0.79
데이비슨,1991,158,597,106,184,31,1,53,142,0,1,47,166,2,https://6ptotvmi5753.edge.naverncp.com/KBO_IMAGE/person/middle/2025/54944.jpg,2024,2025,0.308,0.359,0.63,0.989
도태훈,1993,488,728,102,157,20,1,10,72,6,1,97,138,9,https://6ptotvmi5753.edge.naverncp.com/KBO_IMAGE/person/middle/2025/66965.jpg,2016,2025,0.216,0.308,0.287,0.595
디아즈,1996,71,271,38,79,14,0,23,62,0,0,19,57,2,https://6ptotvmi5753.edge.naverncp.com/KBO_IMAGE/person/middle/2025/54400.jpg,2024,2025,0.292,0.338,0.598,0.936
레이예스,1994,187,748,110,256,58,3,18,140,8,1,58,105,2,https://6ptotvmi5753.edge.naverncp.com/KBO_IMAGE/person/middle/2025/54529.jpg,2024,2025,0.342,0.39,0.5,0.89
로하스,1990,697,2693,483,857,173,9,170,539,29,28,328,629,6,https://6ptotvmi5753.edge.naverncp.com/KBO_IMAGE/person/middle/2025/67025.jpg,2017,2025,0.318,0.392,0.579,0.971
류지혁,1994,993,2521,414,683,85,10,17,278,86,27,276,468,12,https://6ptotvmi5753.edge.naverncp.com/KBO_IMAGE/person/middle/2025/62234.jpg,2012,2025,0.271,0.343,0.333,0.676
맥브룸,1992,16,55,8,15,3,0,4,11,0,0,5,19,1,https://6ptotvmi5753.edge.naverncp.com/KBO_IMAGE/person/middle/2025/55844.jpg,2025,2025,0.273,0.333,0.545,0.879
문보경,2000,549,1822,274,534,103,12,57,301,26,15,241,346,5,https://6ptotvmi5753.edge.naverncp.com/KBO_IMAGE/person/middle/2025/69102.jpg,2021,2025,0.293,0.376,0.457,0.832
문상철,1991,554,1261,157,302,57,3,44,174,15,4,107,366,9,https://6ptotvmi5753.edge.naverncp.com/KBO_IMAGE/person/middle/2025/64007.jpg,2015,2025,0.239,0.299,0.394,0.693
문성주,1997,408,1266,204,375,57,9,9,170,49,29,185,137,6,https://6ptotvmi5753.edge.naverncp.com/KBO_IMAGE/person/middle/2025/68119.jpg,2018,2025,0.296,0.386,0.377,0.763
문현빈,2004,279,822,93,228,46,4,17,123,15,7,65,160,3,https://6ptotvmi5753.edge.naverncp.com/KBO_IMAGE/person/middle/2025/53764.jpg,2023,2025,0.277,0.33,0.405,0.735
박건우,1990,1274,4366,770,1432,296,24,123,686,96,30,416,654,14,https://6ptotvmi5753.edge.naverncp.com/KBO_IMAGE/person/middle/2025/79215.jpg,2009,2025,0.328,0.386,0.491,0.878
박계범,1996,466,1038,144,244,45,3,16,122,20,11,109,264,9,https://6ptotvmi5753.edge.naverncp.com/KBO_IMAGE/person/middle/2025/64468.jpg,2015,2025,0.235,0.308,0.33,0.638
박동원,1990,1327,3846,526,995,184,6,164,647,13,3,404,900,14,https://6ptotvmi5753.edge.naverncp.com/KBO_IMAGE/person/middle/2025/79365.jpg,2010,2025,0.259,0.329,0.438,0.767
박민우,1993,1316,4738,877,1516,249,59,39,501,282,77,514,695,13,https://6ptotvmi5753.edge.naverncp.com/KBO_IMAGE/person/middle/2025/62907.jpg,2013,2025,0.32,0.387,0.422,0.809
박병호,1986,1732,5625,1014,1540,251,5,412,1231,70,28,832,1696,17,https://6ptotvmi5753.edge.naverncp.com/KBO_IMAGE/person/middle/2025/75125.jpg,2005,2025,0.274,0.367,0.54,0.907
박성한,1998,663,2137,279,598,98,5,29,240,43,20,272,366,8,https://6ptotvmi5753.edge.naverncp.com/KBO_IMAGE/person/middle/2025/67893.jpg,2017,2025,0.28,0.361,0.371,0.732
박세혁,1990,973,2388,332,601,109,16,32,304,33,13,238,479,12,https://6ptotvmi5753.edge.naverncp.com/KBO_IMAGE/person/middle/2025/62244.jpg,2012,2025,0.252,0.319,0.351,0.67
박수종,1999,109,184,30,53,6,3,0,9,4,0,16,25,3,https://6ptotvmi5753.edge.naverncp.com/KBO_IMAGE/person/middle/2025/52305.jpg,2023,2025,0.288,0.345,0.353,0.698
박승욱,1992,759,1583,237,400,62,15,18,158,45,19,162,480,12,https://6ptotvmi5753.edge.naverncp.com/KBO_IMAGE/person/middle/2025/62802.jpg,2012,2025,0.253,0.322,0.345,0.667
박시원,2001,90,184,28,42,7,1,3,19,4,0,19,59,4,https://6ptotvmi5753.edge.naverncp.com/KBO_IMAGE/person/middle/2025/50996.jpg,2020,2025,0.228,0.3,0.326,0.627
박정우,1998,162,151,33,39,6,1,0,20,1,4,23,30,5,https://6ptotvmi5753.edge.naverncp.com/KBO_IMAGE/person/middle/2025/67609.jpg,2021,2025,0.258,0.356,0.311,0.668
박주홍,2001,143,291,24,49,9,2,2,18,10,2,41,120,6,https://6ptotvmi5753.edge.naverncp.com/KBO_IMAGE/person/middle/2025/50357.jpg,2020,2025,0.168,0.271,0.234,0.505
박준영,1997,375,949,118,205,44,7,24,108,18,6,96,306,7,https://6ptotvmi5753.edge.naverncp.com/KBO_IMAGE/person/middle/2025/66928.jpg,2016,2025,0.216,0.288,0.353,0.641
박지환,2005,94,276,36,71,9,2,4,25,8,4,15,77,2,https://6ptotvmi5753.edge.naverncp.com/KBO_IMAGE/person/middle/2025/54805.jpg,2024,2025,0.257,0.296,0.348,0.643
박지훈,2000,87,39,12,9,2,0,0,4,4,1,3,14,4,https://6ptotvmi5753.edge.naverncp.com/KBO_IMAGE/person/middle/2025/50204.jpg,2020,2025,0.231,0.286,0.282,0.568
박찬호,1995,985,3177,456,834,121,15,19,322,168,49,292,480,10,https://6ptotvmi5753.edge.naverncp.com/KBO_IMAGE/person/middle/2025/64646.jpg,2014,2025,0.263,0.325,0.328,0.653
박한결,2004,48,97,13,19,2,0,10,22,0,0,11,44,3,https://6ptotvmi5753.edge.naverncp.com/KBO_IMAGE/person/middle/2025/53992.jpg,2023,2025,0.196,0.278,0.526,0.804
박해민,1990,1569,5651,974,1604,225,71,57,584,420,123,569,976,13,https://6ptotvmi5753.edge.naverncp.com/KBO_IMAGE/person/middle/2025/62415.jpg,2013,2025,0.284,0.349,0.379,0.728
배정대,1995,892,2569,374,674,124,9,42,309,90,39,292,689,10,https://6ptotvmi5753.edge.naverncp.com/KBO_IMAGE/person/middle/2025/64166.jpg,2015,2025,0.262,0.338,0.367,0.704
변상권,1997,193,456,44,114,14,5,6,59,0,0,21,113,4,https://6ptotvmi5753.edge.naverncp.com/KBO_IMAGE/person/middle/2025/68305.jpg,2020,2025,0.25,0.283,0.342,0.625
변우혁,2000,234,590,66,150,24,2,16,71,1,0,55,194,5,https://6ptotvmi5753.edge.naverncp.com/KBO_IMAGE/person/middle/2025/69727.jpg,2019,2025,0.254,0.318,0.383,0.701
서건창,1989,1360,4822,854,1431,274,57,41,519,233,81,604,569,15,https://6ptotvmi5753.edge.naverncp.com/KBO_IMAGE/person/middle/2025/78168.jpg,2008,2025,0.297,0.375,0.403,0.778
서호철,1996,377,1187,149,322,47,6,18,126,11,10,66,206,5,https://6ptotvmi5753.edge.naverncp.com/KBO_IMAGE/person/middle/2025/69995.jpg,2020,2025,0.271,0.31,0.366,0.676
손성빈,2002,152,247,41,56,9,2,7,36,0,0,18,54,4,https://6ptotvmi5753.edge.naverncp.com/KBO_IMAGE/person/middle/2025/51528.jpg,2021,2025,0.227,0.279,0.364,0.644
손아섭,1988,2094,7953,1375,2553,448,37,181,1057,232,70,939,1294,19,https://6ptotvmi5753.edge.naverncp.com/KBO_IMAGE/person/middle/2025/77532.jpg,2007,2025,0.321,0.393,0.455,0.848
손호영,1994,223,651,109,188,30,6,22,111,15,8,33,117,6,https://6ptotvmi5753.edge.naverncp.com/KBO_IMAGE/person/middle/2025/50150.jpg,2020,2025,0.289,0.323,0.455,0.778
송민섭,1991,641,314,125,66,5,5,1,21,26,12,35,102,9,https://6ptotvmi5753.edge.naverncp.com/KBO_IMAGE/person/middle/2025/64012.jpg,2015,2025,0.21,0.289,0.268,0.557
송성문,1996,724,2478,335,678,118,18,62,388,31,7,250,373,9,https://6ptotvmi5753.edge.naverncp.com/KBO_IMAGE/person/middle/2025/65357.jpg,2015,2025,0.274,0.34,0.411,0.751
송승환,2000,51,109,14,25,4,1,1,8,0,1,4,26,5,https://6ptotvmi5753.edge.naverncp.com/KBO_IMAGE/person/middle/2025/69203.jpg,2019,2025,0.229,0.257,0.312,0.569
송찬의,1999,98,190,17,38,12,0,5,21,5,2,14,64,4,https://6ptotvmi5753.edge.naverncp.com/KBO_IMAGE/person/middle/2025/68110.jpg,2022,2025,0.2,0.255,0.342,0.597
신민재,1996,484,896,200,241,21,8,0,92,96,44,128,121,7,https://6ptotvmi5753.edge.naverncp.com/KBO_IMAGE/person/middle/2025/65207.jpg,2019,2025,0.269,0.36,0.31,0.671
신범수,1998,120,211,15,39,13,1,4,25,0,0,17,47,6,https://6ptotvmi5753.edge.naverncp.com/KBO_IMAGE/person/middle/2025/66662.jpg,2018,2025,0.185,0.246,0.313,0.558
심우준,1995,1105,2956,413,742,118,15,32,284,159,42,193,547,10,https://6ptotvmi5753.edge.naverncp.com/KBO_IMAGE/person/middle/2025/64006.jpg,2015,2025,0.251,0.297,0.334,0.63
안상현,1997,266,337,53,75,11,0,3,21,19,7,21,98,7,https://6ptotvmi5753.edge.naverncp.com/KBO_IMAGE/person/middle/2025/66864.jpg,2018,2025,0.223,0.268,0.282,0.55
안주형,1993,185,273,41,61,5,0,1,23,5,4,23,73,7,https://6ptotvmi5753.edge.naverncp.com/KBO_IMAGE/person/middle/2025/66406.jpg,2017,2025,0.223,0.284,0.253,0.537
안중열,1995,411,818,95,176,41,1,18,81,2,2,84,233,9,https://6ptotvmi5753.edge.naverncp.com/KBO_IMAGE/person/middle/2025/64022.jpg,2015,2025,0.215,0.288,0.334,0.622
안치영,1998,146,196,38,51,4,1,0,13,8,5,11,57,5,https://6ptotvmi5753.edge.naverncp.com/KBO_IMAGE/person/middle/2025/67006.jpg,2017,2025,0.26,0.3,0.291,0.59
안치홍,1990,1764,6201,897,1834,345,25,153,914,137,43,606,932,16,https://6ptotvmi5753.edge.naverncp.com/KBO_IMAGE/person/middle/2025/79608.jpg,2009,2025,0.296,0.358,0.433,0.792
안현민,2003,29,72,13,23,3,2,6,17,0,0,5,18,2,https://6ptotvmi5753.edge.naverncp.com/KBO_IMAGE/person/middle/2025/52001.jpg,2024,2025,0.319,0.364,0.667,1.03
양도근,2003,50,57,12,15,2,1,0,4,3,0,10,15,2,https://6ptotvmi5753.edge.naverncp.com/KBO_IMAGE/person/middle/2025/54408.jpg,2024,2025,0.263,0.373,0.333,0.706
양석환,1991,1079,3709,482,974,190,7,160,626,26,21,272,863,10,https://6ptotvmi5753.edge.naverncp.com/KBO_IMAGE/person/middle/2025/64153.jpg,2015,2025,0.263,0.313,0.447,0.76
양의지,1987,1872,6037,895,1855,334,11,266,1129,56,23,689,778,17,https://6ptotvmi5753.edge.naverncp.com/KBO_IMAGE/person/middle/2025/76232.jpg,2007,2025,0.307,0.378,0.498,0.877
어준서,2006,27,68,9,17,1,0,1,6,0,0,3,19,1,https://6ptotvmi5753.edge.naverncp.com/KBO_IMAGE/person/middle/2025/55392.jpg,2025,2025,0.25,0.282,0.309,0.591
에레디아,1991,271,1062,164,363,60,1,34,200,16,11,74,156,3,https://6ptotvmi5753.edge.naverncp.com/KBO_IMAGE/person/middle/2025/53827.jpg,2023,2025,0.342,0.385,0.496,0.881
오명진,2001,38,92,12,21,4,1,1,15,1,0,9,20,4,https://6ptotvmi5753.edge.naverncp.com/KBO_IMAGE/person/middle/2025/50208.jpg,2020,2025,0.228,0.297,0.326,0.623
오선우,1996,152,231,30,49,3,1,9,33,0,0,16,98,6,https://6ptotvmi5753.edge.naverncp.com/KBO_IMAGE/person/middle/2025/69636.jpg,2019,2025,0.212,0.263,0.351,0.614
오선진,1989,1166,2681,280,646,97,6,19,239,49,28,207,527,16,https://6ptotvmi5753.edge.naverncp.com/KBO_IMAGE/person/middle/2025/78756.jpg,2008,2025,0.241,0.295,0.303,0.598
오스틴,1993,315,1174,217,371,68,7,67,259,20,11,135,174,3,https://6ptotvmi5753.edge.naverncp.com/KBO_IMAGE/person/middle/2025/53123.jpg,2023,2025,0.316,0.387,0.557,0.944
오영수,2000,196,517,51,118,20,1,14,64,3,10,43,140,6,https://6ptotvmi5753.edge.naverncp.com/KBO_IMAGE/person/middle/2025/68904.jpg,2018,2025,0.228,0.288,0.352,0.64
오윤석,1992,568,1280,174,322,62,4,26,158,11,4,142,317,9,https://6ptotvmi5753.edge.naverncp.com/KBO_IMAGE/person/middle/2025/64504.jpg,2015,2025,0.252,0.326,0.367,0.693
오지환,1990,1898,6443,1029,1702,330,62,168,884,277,106,796,1646,17,https://6ptotvmi5753.edge.naverncp.com/KBO_IMAGE/person/middle/2025/79109.jpg,2009,2025,0.264,0.345,0.413,0.758
오태곤,1991,1230,2900,474,749,159,8,74,338,161,47,208,751,13,https://6ptotvmi5753.edge.naverncp.com/KBO_IMAGE/person/middle/2025/60558.jpg,2011,2025,0.258,0.308,0.395,0.703
원성준,2000,58,131,14,31,5,0,3,14,2,0,11,42,2,https://6ptotvmi5753.edge.naverncp.com/KBO_IMAGE/person/middle/2025/54307.jpg,2024,2025,0.237,0.296,0.344,0.639
위즈덤,1991,35,121,25,29,9,0,9,26,2,0,23,37,1,https://6ptotvmi5753.edge.naverncp.com/KBO_IMAGE/person/middle/2025/55645.jpg,2025,2025,0.24,0.361,0.537,0.898
유강남,1992,1239,3554,411,944,159,1,121,538,8,3,257,709,13,https://6ptotvmi5753.edge.naverncp.com/KBO_IMAGE/person/middle/2025/61102.jpg,2011,2025,0.266,0.315,0.413,0.728
유준규,2002,21,37,7,4,0,0,0,3,1,0,6,15,2,https://6ptotvmi5753.edge.naverncp.com/KBO_IMAGE/person/middle/2025/51013.jpg,2022,2025,0.108,0.233,0.108,0.341
윤도현,2003,10,34,8,13,4,0,1,8,1,0,2,12,3,https://6ptotvmi5753.edge.naverncp.com/KBO_IMAGE/person/middle/2025/52667.jpg,2023,2025,0.382,0.417,0.588,1.005
윤동희,2003,286,1049,167,302,59,5,19,138,12,15,112,209,4,https://6ptotvmi5753.edge.naverncp.com/KBO_IMAGE/person/middle/2025/52591.jpg,2022,2025,0.288,0.357,0.408,0.765
윤정빈,1999,133,242,35,58,5,1,8,26,2,3,33,80,4,https://6ptotvmi5753.edge.naverncp.com/KBO_IMAGE/person/middle/2025/68463.jpg,2022,2025,0.24,0.331,0.368,0.699
윤준혁,2001,28,31,4,4,3,0,0,0,1,0,1,10,2,https://6ptotvmi5753.edge.naverncp.com/KBO_IMAGE/person/middle/2025/50092.jpg,2024,2025,0.129,0.156,0.226,0.382
이도윤,1996,421,909,110,218,34,7,3,83,21,11,61,177,7,https://6ptotvmi5753.edge.naverncp.com/KBO_IMAGE/person/middle/2025/65703.jpg,2018,2025,0.24,0.288,0.303,0.59
이병헌,1999,139,197,14,45,5,0,1,12,0,0,21,64,4,https://6ptotvmi5753.edge.naverncp.com/KBO_IMAGE/person/middle/2025/69428.jpg,2022,2025,0.228,0.303,0.269,0.572
이성규,1993,387,778,119,162,29,3,36,114,18,7,66,263,8,https://6ptotvmi5753.edge.naverncp.com/KBO_IMAGE/person/middle/2025/66409.jpg,2016,2025,0.208,0.27,0.392,0.662
이승원,2004,25,44,3,4,1,0,0,1,0,0,2,15,3,https://6ptotvmi5753.edge.naverncp.com/KBO_IMAGE/person/middle/2025/53302.jpg,2023,2025,0.091,0.13,0.114,0.244
이영빈,2002,174,296,49,66,14,0,5,34,6,4,26,99,4,https://6ptotvmi5753.edge.naverncp.com/KBO_IMAGE/person/middle/2025/51100.jpg,2021,2025,0.223,0.286,0.321,0.607
이용규,1985,2030,7248,1211,2138,272,66,27,570,397,148,923,776,21,https://6ptotvmi5753.edge.naverncp.com/KBO_IMAGE/person/middle/2025/74163.jpg,2004,2025,0.295,0.375,0.362,0.737
이우성,1994,601,1460,187,386,66,2,30,187,20,8,151,342,10,https://6ptotvmi5753.edge.naverncp.com/KBO_IMAGE/person/middle/2025/63260.jpg,2016,2025,0.264,0.333,0.374,0.707
이원석,1999,280,436,81,82,7,3,3,36,33,7,54,141,6,https://6ptotvmi5753.edge.naverncp.com/KBO_IMAGE/person/middle/2025/68700.jpg,2019,2025,0.188,0.278,0.239,0.516
이유찬,1998,386,624,120,163,22,4,5,54,51,17,60,154,7,https://6ptotvmi5753.edge.naverncp.com/KBO_IMAGE/person/middle/2025/67207.jpg,2018,2025,0.261,0.326,0.333,0.659
이재상,2005,38,86,7,17,1,0,1,5,0,0,2,34,2,https://6ptotvmi5753.edge.naverncp.com/KBO_IMAGE/person/middle/2025/54305.jpg,2024,2025,0.198,0.216,0.244,0.46
이재원,1988,1536,4099,442,1129,191,6,109,633,13,13,384,656,19,https://6ptotvmi5753.edge.naverncp.com/KBO_IMAGE/person/middle/2025/76812.jpg,2006,2025,0.275,0.337,0.405,0.742
이재현,2003,369,1219,183,302,47,3,37,168,9,5,146,259,4,https://6ptotvmi5753.edge.naverncp.com/KBO_IMAGE/person/middle/2025/52415.jpg,2022,2025,0.248,0.328,0.382,0.71
이주형,2001,228,807,130,223,35,7,23,104,12,3,79,216,4,https://6ptotvmi5753.edge.naverncp.com/KBO_IMAGE/person/middle/2025/50167.jpg,2021,2025,0.276,0.341,0.423,0.763
이지영,1986,1414,3831,413,1068,114,18,22,422,35,17,200,424,15,https://6ptotvmi5753.edge.naverncp.com/KBO_IMAGE/person/middle/2025/79456.jpg,2009,2025,0.279,0.315,0.335,0.65
이진영,1997,360,869,143,200,51,2,25,121,11,6,104,315,9,https://6ptotvmi5753.edge.naverncp.com/KBO_IMAGE/person/middle/2025/66657.jpg,2016,2025,0.23,0.312,0.38,0.692
이창용,1999,16,32,3,7,2,0,1,4,1,0,2,9,2,https://6ptotvmi5753.edge.naverncp.com/KBO_IMAGE/person/middle/2025/51407.jpg,2024,2025,0.219,0.265,0.375,0.64
이형종,1989,773,2380,341,639,130,6,71,312,30,16,259,502,10,https://6ptotvmi5753.edge.naverncp.com/KBO_IMAGE/person/middle/2025/78135.jpg,2016,2025,0.268,0.34,0.418,0.758
이호준,2004,46,62,15,16,4,5,0,9,0,0,7,15,2,https://6ptotvmi5753.edge.naverncp.com/KBO_IMAGE/person/middle/2025/54598.jpg,2024,2025,0.258,0.333,0.484,0.817
임병욱,1995,565,1483,232,387,79,11,32,193,55,15,103,473,9,https://6ptotvmi5753.edge.naverncp.com/KBO_IMAGE/person/middle/2025/64346.jpg,2015,2025,0.261,0.309,0.394,0.703
임종찬,2001,155,379,28,69,15,2,5,35,2,4,35,142,5,https://6ptotvmi5753.edge.naverncp.com/KBO_IMAGE/person/middle/2025/50704.jpg,2020,2025,0.182,0.251,0.272,0.523
임지열,1995,177,464,52,110,16,0,7,60,4,1,52,154,7,https://6ptotvmi5753.edge.naverncp.com/KBO_IMAGE/person/middle/2025/64340.jpg,2019,2025,0.237,0.314,0.317,0.631
장두성,1999,229,159,62,35,3,1,0,14,28,9,17,42,5,https://6ptotvmi5753.edge.naverncp.com/KBO_IMAGE/person/middle/2025/68507.jpg,2021,2025,0.22,0.295,0.252,0.547
장성우,1990,1392,3892,419,1012,149,2,123,607,13,12,464,801,14,https://6ptotvmi5753.edge.naverncp.com/KBO_IMAGE/person/middle/2025/78548.jpg,2009,2025,0.26,0.339,0.394,0.733
장승현,1994,319,508,46,104,21,0,5,52,1,1,37,139,8,https://6ptotvmi5753.edge.naverncp.com/KBO_IMAGE/person/middle/2025/63202.jpg,2018,2025,0.205,0.259,0.276,0.534
장재영,2002,49,133,15,22,3,0,4,15,1,0,19,71,3,https://6ptotvmi5753.edge.naverncp.com/KBO_IMAGE/person/middle/2025/51359.jpg,2021,2025,0.165,0.27,0.278,0.548
장준원,1995,231,308,36,59,9,1,5,32,4,0,31,73,9,https://6ptotvmi5753.edge.naverncp.com/KBO_IMAGE/person/middle/2025/64115.jpg,2015,2025,0.192,0.265,0.276,0.541
장진혁,1993,393,959,144,234,43,8,12,100,37,19,91,232,7,https://6ptotvmi5753.edge.naverncp.com/KBO_IMAGE/person/middle/2025/66706.jpg,2018,2025,0.244,0.31,0.343,0.653
전다민,2001,37,34,12,9,2,0,0,1,4,1,7,8,2,https://6ptotvmi5753.edge.naverncp.com/KBO_IMAGE/person/middle/2025/54214.jpg,2024,2025,0.265,0.39,0.324,0.714
전민재,1999,207,415,65,118,16,1,3,47,11,6,22,89,7,https://6ptotvmi5753.edge.naverncp.com/KBO_IMAGE/person/middle/2025/68205.jpg,2018,2025,0.284,0.32,0.349,0.67
전병우,1992,520,1083,141,233,44,3,29,136,13,2,129,377,8,https://6ptotvmi5753.edge.naverncp.com/KBO_IMAGE/person/middle/2025/65586.jpg,2018,2025,0.215,0.299,0.342,0.64
전준우,1986,1767,6608,1071,1978,395,26,216,995,137,66,622,1109,17,https://6ptotvmi5753.edge.naverncp.com/KBO_IMAGE/person/middle/2025/78513.jpg,2008,2025,0.299,0.36,0.465,0.825
전태현,2006,28,76,9,18,3,0,0,3,1,0,8,26,1,https://6ptotvmi5753.edge.naverncp.com/KBO_IMAGE/person/middle/2025/55397.jpg,2025,2025,0.237,0.31,0.276,0.586
정보근,1999,390,662,42,139,12,3,5,50,2,1,51,158,7,https://6ptotvmi5753.edge.naverncp.com/KBO_IMAGE/person/middle/2025/68518.jpg,2019,2025,0.21,0.266,0.26,0.526
정수빈,1990,1720,5429,942,1519,207,87,38,558,337,106,565,792,16,https://6ptotvmi5753.edge.naverncp.com/KBO_IMAGE/person/middle/2025/79231.jpg,2009,2025,0.28,0.348,0.371,0.719
정준재,2003,127,329,55,85,10,6,1,28,23,5,36,78,2,https://6ptotvmi5753.edge.naverncp.com/KBO_IMAGE/person/middle/2025/54812.jpg,2024,2025,0.258,0.332,0.334,0.666
정현승,2001,26,31,1,8,1,0,1,4,1,0,2,6,2,https://6ptotvmi5753.edge.naverncp.com/KBO_IMAGE/person/middle/2025/54815.jpg,2024,2025,0.258,0.303,0.387,0.69
정훈,1987,1432,4111,630,1122,208,21,79,528,76,31,474,881,16,https://6ptotvmi5753.edge.naverncp.com/KBO_IMAGE/person/middle/2025/60523.jpg,2010,2025,0.273,0.348,0.391,0.739
조대현,1999,40,42,2,11,2,0,0,3,0,0,3,15,3,https://6ptotvmi5753.edge.naverncp.com/KBO_IMAGE/person/middle/2025/68089.jpg,2022,2025,0.262,0.311,0.31,0.621
조세진,2003,44,89,6,16,3,0,0,6,0,1,1,28,2,https://6ptotvmi5753.edge.naverncp.com/KBO_IMAGE/person/middle/2025/52516.jpg,2022,2025,0.18,0.189,0.213,0.402
조수행,1993,826,1088,259,276,21,9,4,93,161,33,101,217,9,https://6ptotvmi5753.edge.naverncp.com/KBO_IMAGE/person/middle/2025/66209.jpg,2016,2025,0.254,0.317,0.301,0.618
조형우,2002,115,229,21,49,5,1,4,26,0,0,14,46,4,https://6ptotvmi5753.edge.naverncp.com/KBO_IMAGE/person/middle/2025/51865.jpg,2022,2025,0.214,0.259,0.297,0.556
채은성,1990,1308,4444,585,1290,224,17,141,778,36,32,351,841,12,https://6ptotvmi5753.edge.naverncp.com/KBO_IMAGE/person/middle/2025/79192.jpg,2014,2025,0.29,0.342,0.444,0.786
천성호,1997,204,395,70,106,17,4,1,29,9,2,36,76,4,https://6ptotvmi5753.edge.naverncp.com/KBO_IMAGE/person/middle/2025/50054.jpg,2020,2025,0.268,0.329,0.339,0.669
천재환,1994,232,484,61,125,18,4,11,61,18,6,25,126,4,https://6ptotvmi5753.edge.naverncp.com/KBO_IMAGE/person/middle/2025/67905.jpg,2022,2025,0.258,0.295,0.38,0.675
최상민,1999,144,67,22,12,2,0,0,6,8,5,8,21,4,https://6ptotvmi5753.edge.naverncp.com/KBO_IMAGE/person/middle/2025/68805.jpg,2022,2025,0.179,0.267,0.209,0.476
최승민,1996,213,102,62,24,2,0,0,7,35,18,5,23,6,https://6ptotvmi5753.edge.naverncp.com/KBO_IMAGE/person/middle/2025/65905.jpg,2019,2025,0.235,0.271,0.255,0.526
최원영,2003,92,50,30,13,4,0,1,6,12,6,1,11,2,https://6ptotvmi5753.edge.naverncp.com/KBO_IMAGE/person/middle/2025/52103.jpg,2024,2025,0.26,0.275,0.4,0.675
최원준,1997,778,2444,388,689,114,21,27,248,115,41,229,362,9,https://6ptotvmi5753.edge.naverncp.com/KBO_IMAGE/person/middle/2025/66606.jpg,2016,2025,0.282,0.343,0.379,0.722
최인호,2000,243,650,88,168,26,5,9,69,7,1,68,139,5,https://6ptotvmi5753.edge.naverncp.com/KBO_IMAGE/person/middle/2025/50707.jpg,2020,2025,0.258,0.329,0.355,0.684
최재훈,1989,1267,3095,341,800,139,1,29,301,17,19,370,528,15,https://6ptotvmi5753.edge.naverncp.com/KBO_IMAGE/person/middle/2025/78288.jpg,2008,2025,0.258,0.338,0.332,0.67
최정,1987,2303,7926,1468,2278,421,11,500,1571,178,75,1043,1779,21,https://6ptotvmi5753.edge.naverncp.com/KBO_IMAGE/person/middle/2025/75847.jpg,2005,2025,0.287,0.37,0.533,0.903
최정용,1996,248,264,49,56,4,1,1,12,6,1,18,78,9,https://6ptotvmi5753.edge.naverncp.com/KBO_IMAGE/person/middle/2025/65464.jpg,2016,2025,0.212,0.262,0.246,0.509
최정원,2000,233,443,106,125,15,5,1,30,27,11,44,102,5,https://6ptotvmi5753.edge.naverncp.com/KBO_IMAGE/person/middle/2025/69992.jpg,2020,2025,0.282,0.347,0.345,0.692
최주환,1988,1440,4402,579,1217,246,26,130,701,14,13,428,713,18,https://6ptotvmi5753.edge.naverncp.com/KBO_IMAGE/person/middle/2025/76267.jpg,2006,2025,0.276,0.341,0.433,0.773
최준우,1999,176,372,42,90,9,0,5,41,3,2,56,72,6,https://6ptotvmi5753.edge.naverncp.com/KBO_IMAGE/person/middle/2025/68868.jpg,2019,2025,0.242,0.341,0.306,0.648
최지훈,1997,689,2597,410,721,118,31,31,228,137,30,229,375,6,https://6ptotvmi5753.edge.naverncp.com/KBO_IMAGE/person/middle/2025/50854.jpg,2020,2025,0.278,0.336,0.383,0.719
최항,1994,379,838,110,225,34,3,11,106,6,4,88,205,9,https://6ptotvmi5753.edge.naverncp.com/KBO_IMAGE/person/middle/2025/62884.jpg,2017,2025,0.268,0.338,0.356,0.694
최형우,1983,2218,8005,1309,2480,525,20,401,1674,29,19,1148,1429,20,https://6ptotvmi5753.edge.naverncp.com/KBO_IMAGE/person/middle/2025/72443.jpg,2002,2025,0.31,0.396,0.531,0.927
추재현,1999,155,382,56,91,21,1,6,34,6,3,38,88,6,https://6ptotvmi5753.edge.naverncp.com/KBO_IMAGE/person/middle/2025/68362.jpg,2019,2025,0.238,0.307,0.346,0.653
카디네스,1997,44,156,20,40,7,1,6,28,1,2,20,42,2,https://6ptotvmi5753.edge.naverncp.com/KBO_IMAGE/person/middle/2025/54444.jpg,2024,2025,0.256,0.341,0.429,0.77
케이브,1992,33,131,19,42,7,1,3,21,6,0,10,29,1,https://6ptotvmi5753.edge.naverncp.com/KBO_IMAGE/person/middle/2025/55208.jpg,2025,2025,0.321,0.369,0.458,0.827
푸이그,1990,161,609,81,159,32,0,26,91,6,3,68,134,2,https://6ptotvmi5753.edge.naverncp.com/KBO_IMAGE/person/middle/2025/52366.jpg,2022,2025,0.261,0.335,0.442,0.777
플로리얼,1997,41,166,21,44,13,1,3,21,8,3,15,47,1,https://6ptotvmi5753.edge.naverncp.com/KBO_IMAGE/person/middle/2025/55734.jpg,2025,2025,0.265,0.326,0.41,0.736
하재훈,1990,255,622,95,160,35,2,24,87,27,2,42,195,6,https://6ptotvmi5753.edge.naverncp.com/KBO_IMAGE/person/middle/2025/69813.jpg,2020,2025,0.257,0.304,0.436,0.74
하주석,1994,882,2910,388,772,130,18,49,340,81,43,187,767,13,https://6ptotvmi5753.edge.naverncp.com/KBO_IMAGE/person/middle/2025/62700.jpg,2012,2025,0.265,0.31,0.373,0.683
한석현,1994,114,212,35,51,11,2,1,18,8,3,16,60,6,https://6ptotvmi5753.edge.naverncp.com/KBO_IMAGE/person/middle/2025/64101.jpg,2020,2025,0.241,0.294,0.325,0.619
한승택,1994,625,1129,103,234,35,2,19,118,1,0,118,339,11,https://6ptotvmi5753.edge.naverncp.com/KBO_IMAGE/person/middle/2025/63722.jpg,2013,2025,0.207,0.282,0.292,0.575
한유섬,1989,1155,3740,548,998,208,11,198,697,15,11,436,987,13,https://6ptotvmi5753.edge.naverncp.com/KBO_IMAGE/person/middle/2025/62895.jpg,2012,2025,0.267,0.343,0.487,0.831
한재환,2001,21,34,3,7,1,0,0,5,0,0,2,15,2,https://6ptotvmi5753.edge.naverncp.com/KBO_IMAGE/person/middle/2025/50903.jpg,2024,2025,0.206,0.25,0.235,0.485
한준수,1999,196,454,59,127,31,0,11,62,0,0,37,89,4,https://6ptotvmi5753.edge.naverncp.com/KBO_IMAGE/person/middle/2025/68646.jpg,2019,2025,0.28,0.334,0.421,0.755
한태양,2003,63,71,22,13,2,0,0,4,3,0,7,26,2,https://6ptotvmi5753.edge.naverncp.com/KBO_IMAGE/person/middle/2025/52568.jpg,2022,2025,0.183,0.256,0.211,0.468
허경민,1990,1574,5168,774,1514,271,18,61,644,125,58,419,454,14,https://6ptotvmi5753.edge.naverncp.com/KBO_IMAGE/person/middle/2025/79240.jpg,2012,2025,0.293,0.346,0.388,0.734
홍종표,2000,196,219,50,56,7,3,0,19,6,4,17,51,4,https://6ptotvmi5753.edge.naverncp.com/KBO_IMAGE/person/middle/2025/50600.jpg,2020,2025,0.256,0.309,0.315,0.624
홍창기,1993,753,2597,499,806,134,17,17,295,85,52,467,488,9,https://6ptotvmi5753.edge.naverncp.com/KBO_IMAGE/person/middle/2025/66108.jpg,2016,2025,0.31,0.415,0.395,0.81
홍현빈,1997,241,216,44,44,4,1,0,6,8,2,33,77,8,https://6ptotvmi5753.edge.naverncp.com/KBO_IMAGE/person/middle/2025/67005.jpg,2017,2025,0.204,0.309,0.231,0.541
황성빈,1997,329,967,196,283,35,15,5,62,80,29,72,152,4,https://6ptotvmi5753.edge.naverncp.com/KBO_IMAGE/person/middle/2025/50500.jpg,2022,2025,0.293,0.342,0.375,0.717
황영묵,1999,158,460,72,133,15,4,4,42,4,8,44,72,2,https://6ptotvmi5753.edge.naverncp.com/KBO_IMAGE/person/middle/2025/54795.jpg,2024,2025,0.289,0.351,0.365,0.716
황재균,1987,2127,7678,1135,2191,409,45,221,1086,234,123,724,1442,18,https://6ptotvmi5753.edge.naverncp.com/KBO_IMAGE/person/middle/2025/76313.jpg,2007,2025,0.285,0.347,0.437,0.784
