name,birth,G,PA,AB,R,H,2B,3B,HR,TB,RBI,SB,CS,BB,HBP,SO,GDP,SLG,OBP,E,FY,LY,AY,AVG,URL
강민성,1999,10,16,13,0,1,0,0,0,1,0,0,0,3,0,5,0,0.077,0.25,0,2025,2025,1,0.077,http://www.statiz.co.kr/player.php?name=%EA%B0%95%EB%AF%BC%EC%84%B1
강민호,1985,39,149,132,9,36,9,0,2,51,24,1,2,14,1,21,3,0.386,0.347,1,2025,2025,1,0.273,http://www.statiz.co.kr/player.php?name=%EA%B0%95%EB%AF%BC%ED%98%B8
강백호,1999,32,140,127,12,29,6,0,6,53,16,1,1,12,1,26,5,0.417,0.3,1,2025,2025,1,0.228,http://www.statiz.co.kr/player.php?name=%EA%B0%95%EB%B0%B1%ED%98%B8
강성우,2005,1,0,0,0,0,0,0,0,0,0,0,1,0,0,0,0,0,0,0,2025,2025,1,0,http://www.statiz.co.kr/player.php?name=%EA%B0%95%EC%84%B1%EC%9A%B0
강승호,1994,40,167,149,22,32,10,2,2,52,14,4,1,14,3,50,3,0.349,0.295,5,2025,2025,1,0.215,http://www.statiz.co.kr/player.php?name=%EA%B0%95%EC%8A%B9%ED%98%B8
강진성,1993,6,13,11,1,2,0,0,0,2,1,0,0,2,0,1,2,0.182,0.308,0,2025,2025,1,0.182,http://www.statiz.co.kr/player.php?name=%EA%B0%95%EC%A7%84%EC%84%B1
강현우,2001,10,15,12,0,2,0,0,0,2,1,0,0,3,0,4,0,0.167,0.333,2,2025,2025,1,0.167,http://www.statiz.co.kr/player.php?name=%EA%B0%95%ED%98%84%EC%9A%B0
고명준,2002,39,141,131,7,34,8,0,2,48,16,1,0,8,1,36,3,0.366,0.307,2,2025,2025,1,0.26,http://www.statiz.co.kr/player.php?name=%EA%B3%A0%EB%AA%85%EC%A4%80
고승민,2000,33,145,129,16,37,4,1,1,46,9,2,1,13,0,22,4,0.357,0.352,4,2025,2025,1,0.287,http://www.statiz.co.kr/player.php?name=%EA%B3%A0%EC%8A%B9%EB%AF%BC
고영우,2001,3,4,4,0,0,0,0,0,0,0,0,0,0,0,4,0,0,0,0,2025,2025,1,0,http://www.statiz.co.kr/player.php?name=%EA%B3%A0%EC%98%81%EC%9A%B0
구본혁,1997,36,95,83,9,19,4,1,0,25,9,0,2,8,1,13,2,0.301,0.304,1,2025,2025,1,0.229,http://www.statiz.co.kr/player.php?name=%EA%B5%AC%EB%B3%B8%ED%98%81
구승민,1990,1,0,0,0,0,0,0,0,0,0,0,0,0,0,0,0,0,0,0,2025,2025,1,0,http://www.statiz.co.kr/player.php?name=%EA%B5%AC%EC%8A%B9%EB%AF%BC
구자욱,1993,41,174,147,33,39,9,0,8,72,27,0,0,21,1,26,2,0.49,0.361,1,2025,2025,1,0.265,http://www.statiz.co.kr/player.php?name=%EA%B5%AC%EC%9E%90%EC%9A%B1
권광민,1997,3,3,3,0,0,0,0,0,0,0,0,0,0,0,1,0,0,0,0,2025,2025,1,0,http://www.statiz.co.kr/player.php?name=%EA%B6%8C%EA%B4%91%EB%AF%BC
권동진,1998,28,92,78,10,26,3,1,0,31,7,0,1,11,0,23,1,0.397,0.416,5,2025,2025,1,0.333,http://www.statiz.co.kr/player.php?name=%EA%B6%8C%EB%8F%99%EC%A7%84
권혁빈,2005,2,1,1,0,0,0,0,0,0,0,0,0,0,0,0,1,0,0,0,2025,2025,1,0,http://www.statiz.co.kr/player.php?name=%EA%B6%8C%ED%98%81%EB%B9%88
권희동,1990,35,136,106,17,28,9,0,2,43,10,0,2,22,7,18,3,0.406,0.422,1,2025,2025,1,0.264,http://www.statiz.co.kr/player.php?name=%EA%B6%8C%ED%9D%AC%EB%8F%99
김건우,2002,1,0,0,0,0,0,0,0,0,0,0,0,0,0,0,0,0,0,0,2025,2025,1,0,http://www.statiz.co.kr/player.php?name=%EA%B9%80%EA%B1%B4%EC%9A%B0
김건형,1996,2,1,1,0,0,0,0,0,0,0,0,0,0,0,0,0,0,0,0,2025,2025,1,0,http://www.statiz.co.kr/player.php?name=%EA%B9%80%EA%B1%B4%ED%98%95
김건희,2004,17,54,52,5,9,2,0,1,14,3,0,0,1,0,23,0,0.269,0.189,1,2025,2025,1,0.173,http://www.statiz.co.kr/player.php?name=%EA%B9%80%EA%B1%B4%ED%9D%AC
김규성,1997,34,64,57,8,13,1,0,0,14,6,2,0,5,0,19,0,0.246,0.29,3,2025,2025,1,0.228,http://www.statiz.co.kr/player.php?name=%EA%B9%80%EA%B7%9C%EC%84%B1
김기연,1997,28,68,59,7,18,3,0,1,24,11,0,0,6,0,14,0,0.407,0.369,1,2025,2025,1,0.305,http://www.statiz.co.kr/player.php?name=%EA%B9%80%EA%B8%B0%EC%97%B0
김대유,1991,1,0,0,0,0,0,0,0,0,0,0,0,0,0,0,0,0,0,0,2025,2025,1,0,http://www.statiz.co.kr/player.php?name=%EA%B9%80%EB%8C%80%EC%9C%A0
김도영,2003,15,59,53,7,17,5,0,2,28,15,0,0,5,0,10,2,0.528,0.379,0,2025,2025,1,0.321,http://www.statiz.co.kr/player.php?name=%EA%B9%80%EB%8F%84%EC%98%81
김동준,2002,2,2,2,0,0,0,0,0,0,0,0,0,0,0,0,0,0,0,0,2025,2025,1,0,http://www.statiz.co.kr/player.php?name=%EA%B9%80%EB%8F%99%EC%A4%80
김동헌,2004,19,44,39,3,8,1,0,0,9,3,0,0,4,1,13,0,0.231,0.295,1,2025,2025,1,0.205,http://www.statiz.co.kr/player.php?name=%EA%B9%80%EB%8F%99%ED%97%8C
김동혁,2000,15,3,3,2,2,1,0,0,3,0,3,1,0,0,0,0,1,0.667,0,2025,2025,1,0.667,http://www.statiz.co.kr/player.php?name=%EA%B9%80%EB%8F%99%ED%98%81
김민석,2004,21,54,52,3,11,1,1,0,14,3,0,1,2,0,15,1,0.269,0.241,1,2025,2025,1,0.212,http://www.statiz.co.kr/player.php?name=%EA%B9%80%EB%AF%BC%EC%84%9D
김민성,1988,29,89,77,9,17,2,0,1,22,13,0,1,10,2,10,1,0.286,0.326,0,2025,2025,1,0.221,http://www.statiz.co.kr/player.php?name=%EA%B9%80%EB%AF%BC%EC%84%B1
김민수,1998,3,8,6,0,1,0,0,0,1,1,1,0,1,0,3,0,0.167,0.286,0,2025,2025,1,0.167,http://www.statiz.co.kr/player.php?name=%EA%B9%80%EB%AF%BC%EC%88%98
김민혁1,1995,40,166,158,20,51,6,0,0,57,11,5,1,5,2,14,7,0.361,0.352,0,2025,2025,1,0.323,http://www.statiz.co.kr/player.php?name=%EA%B9%80%EB%AF%BC%ED%98%811
김민혁2,1996,4,6,5,0,1,0,0,0,1,0,0,0,1,0,3,0,0.2,0.333,0,2025,2025,1,0.2,http://www.statiz.co.kr/player.php?name=%EA%B9%80%EB%AF%BC%ED%98%812
김병준,2003,6,4,4,1,1,0,0,0,1,0,0,0,0,0,2,0,0.25,0.25,0,2025,2025,1,0.25,http://www.statiz.co.kr/player.php?name=%EA%B9%80%EB%B3%91%EC%A4%80
김상수,1990,19,74,60,7,13,3,0,1,19,3,1,0,14,0,6,1,0.317,0.365,2,2025,2025,1,0.217,http://www.statiz.co.kr/player.php?name=%EA%B9%80%EC%83%81%EC%88%98
김서현,2004,1,0,0,0,0,0,0,0,0,0,0,0,0,0,0,0,0,0,0,2025,2025,1,0,http://www.statiz.co.kr/player.php?name=%EA%B9%80%EC%84%9C%ED%98%84
김석환,1999,2,2,2,0,0,0,0,0,0,0,0,0,0,0,1,0,0,0,0,2025,2025,1,0,http://www.statiz.co.kr/player.php?name=%EA%B9%80%EC%84%9D%ED%99%98
김선빈,1989,27,105,90,10,26,8,0,0,34,13,1,0,13,0,10,2,0.378,0.379,2,2025,2025,1,0.289,http://www.statiz.co.kr/player.php?name=%EA%B9%80%EC%84%A0%EB%B9%88
김성욱,1993,5,9,9,0,1,0,0,0,1,0,0,1,0,0,5,0,0.111,0.111,0,2025,2025,1,0.111,http://www.statiz.co.kr/player.php?name=%EA%B9%80%EC%84%B1%EC%9A%B1
김성윤,1999,40,149,125,28,42,7,2,2,59,17,10,3,18,1,17,1,0.472,0.424,0,2025,2025,1,0.336,http://www.statiz.co.kr/player.php?name=%EA%B9%80%EC%84%B1%EC%9C%A4
김성현,1987,31,86,70,11,16,2,0,1,21,7,1,1,11,0,10,2,0.3,0.333,3,2025,2025,1,0.229,http://www.statiz.co.kr/player.php?name=%EA%B9%80%EC%84%B1%ED%98%84
김수윤,1998,7,12,11,0,1,0,0,0,1,0,0,0,0,1,4,0,0.091,0.167,2,2025,2025,1,0.091,http://www.statiz.co.kr/player.php?name=%EA%B9%80%EC%88%98%EC%9C%A4
김승일,2001,1,0,0,0,0,0,0,0,0,0,0,0,0,0,0,0,0,0,0,2025,2025,1,0,http://www.statiz.co.kr/player.php?name=%EA%B9%80%EC%8A%B9%EC%9D%BC
김시훈,1999,1,0,0,0,0,0,0,0,0,0,0,0,0,0,0,0,0,0,0,2025,2025,1,0,http://www.statiz.co.kr/player.php?name=%EA%B9%80%EC%8B%9C%ED%9B%88
김영우,2005,1,0,0,0,0,0,0,0,0,0,0,0,0,0,0,0,0,0,0,2025,2025,1,0,http://www.statiz.co.kr/player.php?name=%EA%B9%80%EC%98%81%EC%9A%B0
김영웅,2003,33,130,119,15,32,4,1,6,56,23,1,1,8,1,38,3,0.471,0.32,4,2025,2025,1,0.269,http://www.statiz.co.kr/player.php?name=%EA%B9%80%EC%98%81%EC%9B%85
김웅빈,1996,6,21,16,1,2,0,0,0,2,0,0,0,5,0,2,1,0.125,0.333,0,2025,2025,1,0.125,http://www.statiz.co.kr/player.php?name=%EA%B9%80%EC%9B%85%EB%B9%88
김원중,1993,3,0,0,0,0,0,0,0,0,0,0,0,0,0,0,0,0,0,0,2025,2025,1,0,http://www.statiz.co.kr/player.php?name=%EA%B9%80%EC%9B%90%EC%A4%91
김인태,1994,32,70,57,6,17,4,0,1,24,8,0,0,13,0,12,0,0.421,0.429,0,2025,2025,1,0.298,http://www.statiz.co.kr/player.php?name=%EA%B9%80%EC%9D%B8%ED%83%9C
김재성,1996,3,7,6,0,0,0,0,0,0,0,0,0,0,1,2,0,0,0.143,0,2025,2025,1,0,http://www.statiz.co.kr/player.php?name=%EA%B9%80%EC%9E%AC%EC%84%B1
김재혁,1999,5,3,2,1,0,0,0,0,0,0,0,0,1,0,2,0,0,0.333,0,2025,2025,1,0,http://www.statiz.co.kr/player.php?name=%EA%B9%80%EC%9E%AC%ED%98%81
김재현,1993,30,71,67,7,15,4,0,0,19,3,0,0,1,2,16,1,0.284,0.257,3,2025,2025,1,0.224,http://www.statiz.co.kr/player.php?name=%EA%B9%80%EC%9E%AC%ED%98%84
김재환,1988,34,146,127,18,33,3,1,5,53,24,0,0,17,2,28,0,0.417,0.356,0,2025,2025,1,0.26,http://www.statiz.co.kr/player.php?name=%EA%B9%80%EC%9E%AC%ED%99%98
김주원,2002,37,158,139,24,31,5,1,4,50,16,5,3,14,1,32,2,0.36,0.299,7,2025,2025,1,0.223,http://www.statiz.co.kr/player.php?name=%EA%B9%80%EC%A3%BC%EC%9B%90
김지찬,2001,18,74,65,18,23,3,1,0,28,6,7,0,7,2,5,0,0.431,0.432,0,2025,2025,1,0.354,http://www.statiz.co.kr/player.php?name=%EA%B9%80%EC%A7%80%EC%B0%AC
김진성,1985,1,0,0,0,0,0,0,0,0,0,0,0,0,0,0,0,0,0,0,2025,2025,1,0,http://www.statiz.co.kr/player.php?name=%EA%B9%80%EC%A7%84%EC%84%B1
김찬형,1997,5,11,11,1,2,0,0,0,2,0,0,0,0,0,2,0,0.182,0.182,1,2025,2025,1,0.182,http://www.statiz.co.kr/player.php?name=%EA%B9%80%EC%B0%AC%ED%98%95
김창평,2000,2,0,0,0,0,0,0,0,0,0,0,0,0,0,0,0,0,0,0,2025,2025,1,0,http://www.statiz.co.kr/player.php?name=%EA%B9%80%EC%B0%BD%ED%8F%89
김태군,1989,25,62,53,4,11,4,0,0,15,5,0,0,6,1,3,0,0.283,0.3,3,2025,2025,1,0.208,http://www.statiz.co.kr/player.php?name=%EA%B9%80%ED%83%9C%EA%B5%B0
김태근,1996,8,13,12,1,4,0,0,0,4,0,0,0,1,0,4,0,0.333,0.385,0,2025,2025,1,0.333,http://www.statiz.co.kr/player.php?name=%EA%B9%80%ED%83%9C%EA%B7%BC
김태연,1997,35,122,111,14,27,3,0,1,33,8,2,1,6,3,29,2,0.297,0.3,1,2025,2025,1,0.243,http://www.statiz.co.kr/player.php?name=%EA%B9%80%ED%83%9C%EC%97%B0
김태진,1995,41,130,117,13,31,6,1,3,48,11,0,0,11,0,23,4,0.41,0.328,7,2025,2025,1,0.265,http://www.statiz.co.kr/player.php?name=%EA%B9%80%ED%83%9C%EC%A7%84
김태훈,1996,2,3,2,0,1,0,0,0,1,0,0,0,0,0,0,0,0.5,0.5,0,2025,2025,1,0.5,http://www.statiz.co.kr/player.php?name=%EA%B9%80%ED%83%9C%ED%9B%88
김한별,2001,10,14,11,4,5,0,0,0,5,2,1,0,1,1,2,0,0.455,0.538,1,2025,2025,1,0.455,http://www.statiz.co.kr/player.php?name=%EA%B9%80%ED%95%9C%EB%B3%84
김헌곤,1988,32,97,91,13,26,3,0,2,35,5,2,1,4,2,13,3,0.385,0.33,0,2025,2025,1,0.286,http://www.statiz.co.kr/player.php?name=%EA%B9%80%ED%97%8C%EA%B3%A4
김현수,1988,41,146,123,18,36,7,0,1,46,22,0,0,21,2,18,2,0.374,0.404,1,2025,2025,1,0.293,http://www.statiz.co.kr/player.php?name=%EA%B9%80%ED%98%84%EC%88%98
김형준,1999,33,112,100,14,24,3,1,9,56,26,1,0,10,0,33,1,0.56,0.309,2,2025,2025,1,0.24,http://www.statiz.co.kr/player.php?name=%EA%B9%80%ED%98%95%EC%A4%80
김호령,1992,3,7,3,1,0,0,0,0,0,0,0,0,2,0,1,0,0,0.4,0,2025,2025,1,0,http://www.statiz.co.kr/player.php?name=%EA%B9%80%ED%98%B8%EB%A0%B9
김호진,2005,1,0,0,0,0,0,0,0,0,0,0,0,0,0,0,0,0,0,0,2025,2025,1,0,http://www.statiz.co.kr/player.php?name=%EA%B9%80%ED%98%B8%EC%A7%84
김휘집,2002,36,126,111,16,20,5,0,4,37,11,0,0,11,3,27,1,0.333,0.272,9,2025,2025,1,0.18,http://www.statiz.co.kr/player.php?name=%EA%B9%80%ED%9C%98%EC%A7%91
나성범,1989,26,110,93,13,21,5,0,4,38,16,0,0,16,1,21,5,0.409,0.345,0,2025,2025,1,0.226,http://www.statiz.co.kr/player.php?name=%EB%82%98%EC%84%B1%EB%B2%94
나승엽,2002,43,181,152,20,41,9,1,7,73,30,0,0,26,2,25,3,0.48,0.383,3,2025,2025,1,0.27,http://www.statiz.co.kr/player.php?name=%EB%82%98%EC%8A%B9%EC%97%BD
노시환,2000,41,175,157,30,44,7,1,10,83,29,7,3,15,3,41,3,0.529,0.354,4,2025,2025,1,0.28,http://www.statiz.co.kr/player.php?name=%EB%85%B8%EC%8B%9C%ED%99%98
데이비슨,1991,27,108,93,16,30,6,0,7,57,23,0,0,8,3,24,3,0.613,0.394,1,2025,2025,1,0.323,http://www.statiz.co.kr/player.php?name=%EB%8D%B0%EC%9D%B4%EB%B9%84%EC%8A%A8
도태훈,1993,28,51,40,4,8,1,1,0,11,2,2,0,5,1,7,2,0.275,0.304,2,2025,2025,1,0.2,http://www.statiz.co.kr/player.php?name=%EB%8F%84%ED%83%9C%ED%9B%88
디아즈,1996,42,176,161,24,48,9,0,16,105,43,0,0,13,0,32,2,0.652,0.351,1,2025,2025,1,0.298,http://www.statiz.co.kr/player.php?name=%EB%94%94%EC%95%84%EC%A6%88
레이예스,1994,43,190,174,22,54,18,0,3,81,29,3,1,12,1,23,7,0.466,0.358,1,2025,2025,1,0.31,http://www.statiz.co.kr/player.php?name=%EB%A0%88%EC%9D%B4%EC%98%88%EC%8A%A4
로하스,1990,42,185,150,25,36,8,0,6,62,18,0,1,32,1,39,4,0.413,0.377,1,2025,2025,1,0.24,http://www.statiz.co.kr/player.php?name=%EB%A1%9C%ED%95%98%EC%8A%A4
류지혁,1994,40,140,119,18,37,4,0,0,41,12,5,2,14,3,21,3,0.345,0.397,1,2025,2025,1,0.311,http://www.statiz.co.kr/player.php?name=%EB%A5%98%EC%A7%80%ED%98%81
류진욱,1996,1,0,0,0,0,0,0,0,0,0,0,0,0,0,0,0,0,0,0,2025,2025,1,0,http://www.statiz.co.kr/player.php?name=%EB%A5%98%EC%A7%84%EC%9A%B1
류현준,2005,7,6,6,0,1,0,0,0,1,0,0,0,0,0,1,0,0.167,0.167,0,2025,2025,1,0.167,http://www.statiz.co.kr/player.php?name=%EB%A5%98%ED%98%84%EC%A4%80
맥브룸,1992,16,60,55,8,15,3,0,4,30,11,0,0,5,0,19,2,0.545,0.333,0,2025,2025,1,0.273,http://www.statiz.co.kr/player.php?name=%EB%A7%A5%EB%B8%8C%EB%A3%B8
문보경,2000,41,179,150,28,45,6,0,8,75,33,0,0,25,2,31,4,0.5,0.407,6,2025,2025,1,0.3,http://www.statiz.co.kr/player.php?name=%EB%AC%B8%EB%B3%B4%EA%B2%BD
문상철,1991,30,102,91,7,21,3,1,1,29,5,0,1,9,1,22,3,0.319,0.307,0,2025,2025,1,0.231,http://www.statiz.co.kr/player.php?name=%EB%AC%B8%EC%83%81%EC%B2%A0
문성주,1997,34,115,103,13,29,4,0,0,33,14,2,1,11,0,13,2,0.32,0.351,0,2025,2025,1,0.282,http://www.statiz.co.kr/player.php?name=%EB%AC%B8%EC%84%B1%EC%A3%BC
문정빈,2003,14,22,19,2,2,0,0,1,5,3,0,0,1,2,7,0,0.263,0.227,0,2025,2025,1,0.105,http://www.statiz.co.kr/player.php?name=%EB%AC%B8%EC%A0%95%EB%B9%88
문현빈,2004,39,148,134,17,42,8,0,7,71,27,7,1,8,3,23,0,0.53,0.366,0,2025,2025,1,0.313,http://www.statiz.co.kr/player.php?name=%EB%AC%B8%ED%98%84%EB%B9%88
박건우,1990,18,57,47,6,18,6,0,0,24,9,0,1,7,1,4,1,0.511,0.473,1,2025,2025,1,0.383,http://www.statiz.co.kr/player.php?name=%EB%B0%95%EA%B1%B4%EC%9A%B0
박계범,1996,23,62,55,8,11,3,1,0,16,6,0,0,4,0,18,3,0.291,0.254,1,2025,2025,1,0.2,http://www.statiz.co.kr/player.php?name=%EB%B0%95%EA%B3%84%EB%B2%94
박동원,1990,41,152,127,26,40,5,0,10,75,28,2,0,20,2,28,3,0.591,0.416,1,2025,2025,1,0.315,http://www.statiz.co.kr/player.php?name=%EB%B0%95%EB%8F%99%EC%9B%90
박명근,2004,2,0,0,0,0,0,0,0,0,0,0,0,0,0,0,0,0,0,0,2025,2025,1,0,http://www.statiz.co.kr/player.php?name=%EB%B0%95%EB%AA%85%EA%B7%BC
박민석,2000,2,0,0,0,0,0,0,0,0,0,0,0,0,0,0,0,0,0,0,2025,2025,1,0,http://www.statiz.co.kr/player.php?name=%EB%B0%95%EB%AF%BC%EC%84%9D
박민우,1993,33,130,113,20,34,10,3,0,50,13,7,3,12,4,18,0,0.442,0.388,3,2025,2025,1,0.301,http://www.statiz.co.kr/player.php?name=%EB%B0%95%EB%AF%BC%EC%9A%B0
박병호,1986,42,141,117,18,25,3,0,9,55,20,0,0,17,5,43,3,0.47,0.338,1,2025,2025,1,0.214,http://www.statiz.co.kr/player.php?name=%EB%B0%95%EB%B3%91%ED%98%B8
박성한,1998,38,159,133,17,28,7,0,2,41,16,1,2,23,1,31,1,0.308,0.331,5,2025,2025,1,0.211,http://www.statiz.co.kr/player.php?name=%EB%B0%95%EC%84%B1%ED%95%9C
박세혁,1990,21,37,34,4,3,0,0,1,6,3,0,0,3,0,16,2,0.176,0.162,2,2025,2025,1,0.088,http://www.statiz.co.kr/player.php?name=%EB%B0%95%EC%84%B8%ED%98%81
박수종,1999,6,10,10,0,1,0,0,0,1,0,1,0,0,0,2,0,0.1,0.1,0,2025,2025,1,0.1,http://www.statiz.co.kr/player.php?name=%EB%B0%95%EC%88%98%EC%A2%85
박승욱,1992,15,17,14,1,2,1,0,0,3,0,1,0,1,1,5,0,0.214,0.25,2,2025,2025,1,0.143,http://www.statiz.co.kr/player.php?name=%EB%B0%95%EC%8A%B9%EC%9A%B1
박시원,2001,33,47,41,11,9,2,0,1,14,2,1,0,5,0,13,0,0.341,0.304,0,2025,2025,1,0.22,http://www.statiz.co.kr/player.php?name=%EB%B0%95%EC%8B%9C%EC%9B%90
박신지,1999,1,0,0,0,0,0,0,0,0,0,0,0,0,0,0,0,0,0,0,2025,2025,1,0,http://www.statiz.co.kr/player.php?name=%EB%B0%95%EC%8B%A0%EC%A7%80
박영빈,1997,3,1,1,1,0,0,0,0,0,0,1,0,0,0,1,0,0,0,0,2025,2025,1,0,http://www.statiz.co.kr/player.php?name=%EB%B0%95%EC%98%81%EB%B9%88
박윤성,2004,2,0,0,0,0,0,0,0,0,0,0,0,0,0,0,0,0,0,0,2025,2025,1,0,http://www.statiz.co.kr/player.php?name=%EB%B0%95%EC%9C%A4%EC%84%B1
박재엽,2006,1,1,1,0,0,0,0,0,0,0,0,0,0,0,1,0,0,0,0,2025,2025,1,0,http://www.statiz.co.kr/player.php?name=%EB%B0%95%EC%9E%AC%EC%97%BD
박재현,2006,25,30,28,6,3,1,0,0,4,0,3,1,2,0,10,0,0.143,0.167,1,2025,2025,1,0.107,http://www.statiz.co.kr/player.php?name=%EB%B0%95%EC%9E%AC%ED%98%84
박정우,1998,27,36,26,9,6,2,0,0,8,3,1,1,9,1,6,1,0.308,0.444,0,2025,2025,1,0.231,http://www.statiz.co.kr/player.php?name=%EB%B0%95%EC%A0%95%EC%9A%B0
박주성,2000,2,0,0,0,0,0,0,0,0,0,0,0,0,0,0,0,0,0,0,2025,2025,1,0,http://www.statiz.co.kr/player.php?name=%EB%B0%95%EC%A3%BC%EC%84%B1
박주홍,2001,34,83,73,6,16,2,0,2,24,8,6,0,8,0,28,1,0.329,0.296,0,2025,2025,1,0.219,http://www.statiz.co.kr/player.php?name=%EB%B0%95%EC%A3%BC%ED%99%8D
박준순,2006,7,7,6,0,1,0,0,0,1,0,0,1,1,0,1,0,0.167,0.286,0,2025,2025,1,0.167,http://www.statiz.co.kr/player.php?name=%EB%B0%95%EC%A4%80%EC%88%9C
박준영,1997,38,124,109,9,25,8,0,1,36,10,2,0,10,3,32,1,0.33,0.311,8,2025,2025,1,0.229,http://www.statiz.co.kr/player.php?name=%EB%B0%95%EC%A4%80%EC%98%81
박준우,2005,1,0,0,0,0,0,0,0,0,0,0,0,0,0,0,0,0,0,0,2025,2025,1,0,http://www.statiz.co.kr/player.php?name=%EB%B0%95%EC%A4%80%EC%9A%B0
박지환,2005,18,54,48,3,8,0,0,0,8,4,0,1,3,0,16,1,0.167,0.216,5,2025,2025,1,0.167,http://www.statiz.co.kr/player.php?name=%EB%B0%95%EC%A7%80%ED%99%98
박지훈,2000,21,8,6,3,1,0,0,0,1,0,0,0,0,1,2,1,0.167,0.286,1,2025,2025,1,0.167,http://www.statiz.co.kr/player.php?name=%EB%B0%95%EC%A7%80%ED%9B%88
박진,1999,1,0,0,0,0,0,0,0,0,0,0,0,0,0,0,0,0,0,0,2025,2025,1,0,http://www.statiz.co.kr/player.php?name=%EB%B0%95%EC%A7%84
박찬호,1995,31,136,114,17,31,5,0,1,39,11,8,1,18,0,14,3,0.342,0.371,4,2025,2025,1,0.272,http://www.statiz.co.kr/player.php?name=%EB%B0%95%EC%B0%AC%ED%98%B8
박한결,2004,8,19,17,2,2,0,0,2,8,3,0,0,2,0,8,0,0.471,0.211,0,2025,2025,1,0.118,http://www.statiz.co.kr/player.php?name=%EB%B0%95%ED%95%9C%EA%B2%B0
박해민,1990,41,150,120,19,30,5,1,0,37,6,9,5,20,1,40,2,0.308,0.362,0,2025,2025,1,0.25,http://www.statiz.co.kr/player.php?name=%EB%B0%95%ED%95%B4%EB%AF%BC
배정대,1995,39,123,109,6,21,5,2,1,33,12,3,2,5,3,33,0,0.303,0.248,1,2025,2025,1,0.193,http://www.statiz.co.kr/player.php?name=%EB%B0%B0%EC%A0%95%EB%8C%80
배찬승,2006,1,0,0,0,0,0,0,0,0,0,0,0,0,0,0,0,0,0,0,2025,2025,1,0,http://www.statiz.co.kr/player.php?name=%EB%B0%B0%EC%B0%AC%EC%8A%B9
변상권,1997,9,17,16,2,4,1,0,0,5,2,0,0,0,0,2,0,0.312,0.25,0,2025,2025,1,0.25,http://www.statiz.co.kr/player.php?name=%EB%B3%80%EC%83%81%EA%B6%8C
변우혁,2000,32,118,108,9,26,7,0,0,33,16,0,0,9,1,34,3,0.306,0.305,4,2025,2025,1,0.241,http://www.statiz.co.kr/player.php?name=%EB%B3%80%EC%9A%B0%ED%98%81
서건창,1989,10,26,22,1,3,1,0,1,7,2,1,0,2,0,5,1,0.318,0.208,0,2025,2025,1,0.136,http://www.statiz.co.kr/player.php?name=%EC%84%9C%EA%B1%B4%EC%B0%BD
서유신,2000,2,3,3,0,0,0,0,0,0,0,0,0,0,0,3,0,0,0,0,2025,2025,1,0,http://www.statiz.co.kr/player.php?name=%EC%84%9C%EC%9C%A0%EC%8B%A0
서호철,1996,31,85,75,5,22,3,0,1,28,10,3,1,4,1,11,2,0.373,0.338,2,2025,2025,1,0.293,http://www.statiz.co.kr/player.php?name=%EC%84%9C%ED%98%B8%EC%B2%A0
석정우,1999,4,7,6,0,1,0,0,0,1,0,0,0,1,0,2,0,0.167,0.286,1,2025,2025,1,0.167,http://www.statiz.co.kr/player.php?name=%EC%84%9D%EC%A0%95%EC%9A%B0
손성빈,2002,1,1,0,0,0,0,0,0,0,0,0,0,0,1,0,0,0,1,0,2025,2025,1,0,http://www.statiz.co.kr/player.php?name=%EC%86%90%EC%84%B1%EB%B9%88
손아섭,1988,36,136,120,14,42,7,3,0,55,21,0,2,14,0,17,1,0.458,0.418,0,2025,2025,1,0.35,http://www.statiz.co.kr/player.php?name=%EC%86%90%EC%95%84%EC%84%AD
손용준,2000,2,5,5,0,1,0,0,0,1,0,0,0,0,0,0,2,0.2,0.2,0,2025,2025,1,0.2,http://www.statiz.co.kr/player.php?name=%EC%86%90%EC%9A%A9%EC%A4%80
손주환,2002,1,0,0,0,0,0,0,0,0,0,0,0,0,0,0,0,0,0,0,2025,2025,1,0,http://www.statiz.co.kr/player.php?name=%EC%86%90%EC%A3%BC%ED%99%98
손호영,1994,27,108,95,7,22,2,0,0,24,10,1,0,7,2,18,5,0.253,0.298,4,2025,2025,1,0.232,http://www.statiz.co.kr/player.php?name=%EC%86%90%ED%98%B8%EC%98%81
송민섭,1991,1,0,0,0,0,0,0,0,0,0,0,0,0,0,0,0,0,0,0,2025,2025,1,0,http://www.statiz.co.kr/player.php?name=%EC%86%A1%EB%AF%BC%EC%84%AD
송성문,1996,44,188,163,28,41,11,0,8,76,24,5,0,24,0,25,2,0.466,0.348,3,2025,2025,1,0.252,http://www.statiz.co.kr/player.php?name=%EC%86%A1%EC%84%B1%EB%AC%B8
송승환,2000,5,4,4,0,1,0,0,0,1,0,0,0,0,0,1,0,0.25,0.25,0,2025,2025,1,0.25,http://www.statiz.co.kr/player.php?name=%EC%86%A1%EC%8A%B9%ED%99%98
송지후,2005,3,11,11,0,2,0,0,0,2,0,0,1,0,0,1,0,0.182,0.182,1,2025,2025,1,0.182,http://www.statiz.co.kr/player.php?name=%EC%86%A1%EC%A7%80%ED%9B%84
송찬의,1999,36,95,85,5,19,7,0,2,32,9,1,1,5,3,28,2,0.376,0.29,0,2025,2025,1,0.224,http://www.statiz.co.kr/player.php?name=%EC%86%A1%EC%B0%AC%EC%9D%98
신민재,1996,39,115,94,14,18,1,0,0,19,12,5,3,19,1,13,1,0.202,0.333,1,2025,2025,1,0.191,http://www.statiz.co.kr/player.php?name=%EC%8B%A0%EB%AF%BC%EC%9E%AC
신범수,1998,13,14,11,0,2,0,0,0,2,2,0,0,2,1,1,0,0.182,0.357,0,2025,2025,1,0.182,http://www.statiz.co.kr/player.php?name=%EC%8B%A0%EB%B2%94%EC%88%98
심우준,1995,33,101,94,10,16,3,1,1,24,9,3,0,3,1,21,0,0.255,0.204,3,2025,2025,1,0.17,http://www.statiz.co.kr/player.php?name=%EC%8B%AC%EC%9A%B0%EC%A4%80
심재훈,2006,12,29,24,4,5,0,0,0,5,1,3,1,4,0,8,0,0.208,0.321,0,2025,2025,1,0.208,http://www.statiz.co.kr/player.php?name=%EC%8B%AC%EC%9E%AC%ED%9B%88
안상현,1997,22,30,28,4,8,2,0,0,10,3,3,1,2,0,14,1,0.357,0.333,1,2025,2025,1,0.286,http://www.statiz.co.kr/player.php?name=%EC%95%88%EC%83%81%ED%98%84
안주형,1993,6,15,14,1,3,0,0,0,3,0,0,1,1,0,4,1,0.214,0.267,1,2025,2025,1,0.214,http://www.statiz.co.kr/player.php?name=%EC%95%88%EC%A3%BC%ED%98%95
안중열,1995,1,5,4,1,1,1,0,0,2,3,0,0,1,0,0,0,0.5,0.4,0,2025,2025,1,0.25,http://www.statiz.co.kr/player.php?name=%EC%95%88%EC%A4%91%EC%97%B4
안치영,1998,13,8,4,1,0,0,0,0,0,1,0,1,2,1,2,1,0,0.429,0,2025,2025,1,0,http://www.statiz.co.kr/player.php?name=%EC%95%88%EC%B9%98%EC%98%81
안치홍,1990,16,56,51,0,5,0,0,0,5,5,1,0,5,0,13,1,0.098,0.179,1,2025,2025,1,0.098,http://www.statiz.co.kr/player.php?name=%EC%95%88%EC%B9%98%ED%99%8D
안현민,2003,13,52,47,8,18,3,1,5,38,15,0,0,3,2,8,0,0.809,0.442,0,2025,2025,1,0.383,http://www.statiz.co.kr/player.php?name=%EC%95%88%ED%98%84%EB%AF%BC
양도근,2003,34,43,34,7,11,2,0,0,13,2,3,0,5,1,7,3,0.382,0.425,1,2025,2025,1,0.324,http://www.statiz.co.kr/player.php?name=%EC%96%91%EB%8F%84%EA%B7%BC
양석환,1991,40,171,152,19,42,10,0,4,64,20,0,0,12,4,43,6,0.421,0.345,2,2025,2025,1,0.276,http://www.statiz.co.kr/player.php?name=%EC%96%91%EC%84%9D%ED%99%98
양의지,1987,39,158,133,19,40,8,0,4,60,23,0,0,21,2,21,3,0.451,0.404,1,2025,2025,1,0.301,http://www.statiz.co.kr/player.php?name=%EC%96%91%EC%9D%98%EC%A7%80
양현종,2006,3,5,4,1,0,0,0,0,0,0,0,0,1,0,2,0,0,0.2,0,2025,2025,1,0,http://www.statiz.co.kr/player.php?name=%EC%96%91%ED%98%84%EC%A2%85
어준서,2006,27,72,68,9,17,1,0,1,21,6,0,0,3,0,19,1,0.309,0.282,8,2025,2025,1,0.25,http://www.statiz.co.kr/player.php?name=%EC%96%B4%EC%A4%80%EC%84%9C
에레디아,1991,13,57,48,6,15,0,0,1,18,6,0,0,7,1,8,2,0.375,0.411,1,2025,2025,1,0.312,http://www.statiz.co.kr/player.php?name=%EC%97%90%EB%A0%88%EB%94%94%EC%95%84
여동건,2005,6,2,2,3,0,0,0,0,0,0,0,0,0,0,0,1,0,0,0,2025,2025,1,0,http://www.statiz.co.kr/player.php?name=%EC%97%AC%EB%8F%99%EA%B1%B4
여동욱,2005,11,24,21,2,4,0,0,1,7,1,0,0,3,0,9,2,0.333,0.292,2,2025,2025,1,0.19,http://www.statiz.co.kr/player.php?name=%EC%97%AC%EB%8F%99%EC%9A%B1
오명진,2001,29,93,84,11,21,4,1,1,30,14,1,0,8,1,17,1,0.357,0.323,1,2025,2025,1,0.25,http://www.statiz.co.kr/player.php?name=%EC%98%A4%EB%AA%85%EC%A7%84
오선우,1996,21,67,61,11,17,2,0,2,25,9,0,0,6,0,21,1,0.41,0.343,0,2025,2025,1,0.279,http://www.statiz.co.kr/player.php?name=%EC%98%A4%EC%84%A0%EC%9A%B0
오선진,1989,31,58,49,5,13,3,0,1,19,10,0,0,5,2,10,2,0.388,0.357,1,2025,2025,1,0.265,http://www.statiz.co.kr/player.php?name=%EC%98%A4%EC%84%A0%EC%A7%84
오스틴,1993,36,150,127,31,40,7,0,12,83,32,1,0,21,0,17,4,0.654,0.412,1,2025,2025,1,0.315,http://www.statiz.co.kr/player.php?name=%EC%98%A4%EC%8A%A4%ED%8B%B4
오영수,2000,9,26,25,1,5,1,0,1,9,4,0,1,1,0,12,0,0.36,0.231,0,2025,2025,1,0.2,http://www.statiz.co.kr/player.php?name=%EC%98%A4%EC%98%81%EC%88%98
오윤석,1992,23,55,46,9,9,3,0,0,12,5,0,0,3,2,13,1,0.261,0.275,0,2025,2025,1,0.196,http://www.statiz.co.kr/player.php?name=%EC%98%A4%EC%9C%A4%EC%84%9D
오지환,1990,40,138,119,17,29,7,0,4,48,18,4,3,11,1,35,0,0.403,0.313,1,2025,2025,1,0.244,http://www.statiz.co.kr/player.php?name=%EC%98%A4%EC%A7%80%ED%99%98
오태곤,1991,36,101,85,8,14,4,0,1,21,10,9,2,12,1,26,1,0.247,0.276,1,2025,2025,1,0.165,http://www.statiz.co.kr/player.php?name=%EC%98%A4%ED%83%9C%EA%B3%A4
우강훈,2002,2,0,0,0,0,0,0,0,0,0,0,0,0,0,0,0,0,0,0,2025,2025,1,0,http://www.statiz.co.kr/player.php?name=%EC%9A%B0%EA%B0%95%ED%9B%88
원성준,2000,7,20,19,2,3,0,0,1,6,3,0,0,1,0,6,0,0.316,0.2,0,2025,2025,1,0.158,http://www.statiz.co.kr/player.php?name=%EC%9B%90%EC%84%B1%EC%A4%80
위즈덤,1991,35,147,121,25,29,9,0,9,65,26,2,0,23,1,37,1,0.537,0.366,0,2025,2025,1,0.24,http://www.statiz.co.kr/player.php?name=%EC%9C%84%EC%A6%88%EB%8D%A4
유강남,1992,36,108,88,16,30,7,0,3,46,16,0,0,12,5,21,5,0.523,0.448,1,2025,2025,1,0.341,http://www.statiz.co.kr/player.php?name=%EC%9C%A0%EA%B0%95%EB%82%A8
유준규,2002,14,28,23,4,1,0,0,0,1,3,1,0,5,0,9,0,0.043,0.214,0,2025,2025,1,0.043,http://www.statiz.co.kr/player.php?name=%EC%9C%A0%EC%A4%80%EA%B7%9C
윤도현,2003,3,8,6,3,2,2,0,0,4,0,0,0,2,0,2,0,0.667,0.5,1,2025,2025,1,0.333,http://www.statiz.co.kr/player.php?name=%EC%9C%A4%EB%8F%84%ED%98%84
윤동희,2003,34,135,117,24,33,5,0,3,47,11,2,1,17,1,24,7,0.402,0.378,0,2025,2025,1,0.282,http://www.statiz.co.kr/player.php?name=%EC%9C%A4%EB%8F%99%ED%9D%AC
윤정빈,1999,23,43,37,3,7,1,0,0,8,3,0,0,4,0,16,1,0.216,0.268,0,2025,2025,1,0.189,http://www.statiz.co.kr/player.php?name=%EC%9C%A4%EC%A0%95%EB%B9%88
윤준혁,2001,15,15,14,1,1,1,0,0,2,0,1,0,0,0,4,0,0.143,0.071,0,2025,2025,1,0.071,http://www.statiz.co.kr/player.php?name=%EC%9C%A4%EC%A4%80%ED%98%81
이도윤,1996,29,72,63,7,13,3,2,0,20,13,0,0,4,1,12,2,0.317,0.265,2,2025,2025,1,0.206,http://www.statiz.co.kr/player.php?name=%EC%9D%B4%EB%8F%84%EC%9C%A4
이로운,2004,1,0,0,0,0,0,0,0,0,0,0,0,0,0,0,0,0,0,0,2025,2025,1,0,http://www.statiz.co.kr/player.php?name=%EC%9D%B4%EB%A1%9C%EC%9A%B4
이병헌,1999,18,22,20,1,2,0,0,0,2,0,0,0,1,1,4,0,0.1,0.182,1,2025,2025,1,0.1,http://www.statiz.co.kr/player.php?name=%EC%9D%B4%EB%B3%91%ED%97%8C
이상혁,2001,19,6,5,5,2,1,0,0,3,1,1,4,0,0,1,0,0.6,0.4,0,2025,2025,1,0.4,http://www.statiz.co.kr/player.php?name=%EC%9D%B4%EC%83%81%ED%98%81
이성규,1993,8,26,24,1,4,0,0,1,7,1,1,0,1,0,12,0,0.292,0.2,0,2025,2025,1,0.167,http://www.statiz.co.kr/player.php?name=%EC%9D%B4%EC%84%B1%EA%B7%9C
이승원,2004,1,2,2,0,0,0,0,0,0,0,0,0,0,0,0,0,0,0,1,2025,2025,1,0,http://www.statiz.co.kr/player.php?name=%EC%9D%B4%EC%8A%B9%EC%9B%90
이승현,2002,3,1,1,1,1,0,1,0,3,1,0,0,0,0,0,0,3,1,0,2025,2025,1,1,http://www.statiz.co.kr/player.php?name=%EC%9D%B4%EC%8A%B9%ED%98%84
이영빈,2002,11,9,9,1,2,0,0,0,2,1,0,0,0,0,3,0,0.222,0.222,0,2025,2025,1,0.222,http://www.statiz.co.kr/player.php?name=%EC%9D%B4%EC%98%81%EB%B9%88
이용규,1985,9,33,29,5,6,1,0,0,7,0,1,0,3,0,6,1,0.241,0.281,1,2025,2025,1,0.207,http://www.statiz.co.kr/player.php?name=%EC%9D%B4%EC%9A%A9%EA%B7%9C
이우성,1994,35,127,107,9,26,7,1,2,41,10,0,0,17,2,24,2,0.383,0.357,2,2025,2025,1,0.243,http://www.statiz.co.kr/player.php?name=%EC%9D%B4%EC%9A%B0%EC%84%B1
이원석,1999,36,37,32,16,5,1,0,1,9,5,6,0,4,1,10,2,0.281,0.27,1,2025,2025,1,0.156,http://www.statiz.co.kr/player.php?name=%EC%9D%B4%EC%9B%90%EC%84%9D
이유찬,1998,12,33,30,6,9,1,1,0,12,4,3,0,3,0,6,2,0.4,0.364,0,2025,2025,1,0.3,http://www.statiz.co.kr/player.php?name=%EC%9D%B4%EC%9C%A0%EC%B0%AC
이율예,2006,1,1,1,0,0,0,0,0,0,0,0,0,0,0,1,0,0,0,0,2025,2025,1,0,http://www.statiz.co.kr/player.php?name=%EC%9D%B4%EC%9C%A8%EC%98%88
이인한,1998,3,0,0,0,0,0,0,0,0,0,0,0,0,0,0,0,0,0,0,2025,2025,1,0,http://www.statiz.co.kr/player.php?name=%EC%9D%B4%EC%9D%B8%ED%95%9C
이재상,2005,2,2,2,0,1,0,0,0,1,0,0,0,0,0,1,0,0.5,0.5,1,2025,2025,1,0.5,http://www.statiz.co.kr/player.php?name=%EC%9D%B4%EC%9E%AC%EC%83%81
이재원,1988,38,58,52,0,10,0,1,0,12,5,1,1,3,0,12,2,0.231,0.236,1,2025,2025,1,0.192,http://www.statiz.co.kr/player.php?name=%EC%9D%B4%EC%9E%AC%EC%9B%90
이재현,2003,42,180,142,28,33,6,0,4,51,19,2,0,31,4,43,2,0.359,0.384,4,2025,2025,1,0.232,http://www.statiz.co.kr/player.php?name=%EC%9D%B4%EC%9E%AC%ED%98%84
이재희,2001,1,0,0,0,0,0,0,0,0,0,0,0,0,0,0,0,0,0,0,2025,2025,1,0,http://www.statiz.co.kr/player.php?name=%EC%9D%B4%EC%9E%AC%ED%9D%AC
이주헌,2003,17,30,23,3,3,0,0,1,6,1,0,0,5,2,8,0,0.261,0.333,0,2025,2025,1,0.13,http://www.statiz.co.kr/player.php?name=%EC%9D%B4%EC%A3%BC%ED%97%8C
이주형,2001,30,120,103,13,25,3,0,4,40,8,1,1,10,7,37,2,0.388,0.35,0,2025,2025,1,0.243,http://www.statiz.co.kr/player.php?name=%EC%9D%B4%EC%A3%BC%ED%98%95
이지강,1999,1,0,0,0,0,0,0,0,0,0,0,0,0,0,0,0,0,0,0,2025,2025,1,0,http://www.statiz.co.kr/player.php?name=%EC%9D%B4%EC%A7%80%EA%B0%95
이지영,1986,21,73,65,6,15,3,1,1,23,4,1,1,4,1,6,2,0.354,0.286,1,2025,2025,1,0.231,http://www.statiz.co.kr/player.php?name=%EC%9D%B4%EC%A7%80%EC%98%81
이진영,1997,32,105,87,19,27,8,0,4,47,13,1,1,14,2,25,1,0.54,0.417,0,2025,2025,1,0.31,http://www.statiz.co.kr/player.php?name=%EC%9D%B4%EC%A7%84%EC%98%81
이창용,1999,7,13,11,2,3,1,0,1,7,2,1,0,2,0,5,0,0.636,0.385,1,2025,2025,1,0.273,http://www.statiz.co.kr/player.php?name=%EC%9D%B4%EC%B0%BD%EC%9A%A9
이형종,1989,15,31,26,1,5,1,0,1,9,2,1,0,4,1,8,1,0.346,0.323,0,2025,2025,1,0.192,http://www.statiz.co.kr/player.php?name=%EC%9D%B4%ED%98%95%EC%A2%85
이호성,2004,1,0,0,0,0,0,0,0,0,0,0,0,0,0,0,0,0,0,0,2025,2025,1,0,http://www.statiz.co.kr/player.php?name=%EC%9D%B4%ED%98%B8%EC%84%B1
이호준,2004,34,67,56,10,14,3,4,0,25,6,0,0,6,3,14,1,0.446,0.354,5,2025,2025,1,0.25,http://www.statiz.co.kr/player.php?name=%EC%9D%B4%ED%98%B8%EC%A4%80
임병욱,1995,15,34,31,4,10,0,0,0,10,6,0,0,3,0,8,0,0.323,0.382,0,2025,2025,1,0.323,http://www.statiz.co.kr/player.php?name=%EC%9E%84%EB%B3%91%EC%9A%B1
임종성,2005,7,14,14,0,3,1,0,0,4,1,1,0,0,0,3,0,0.286,0.214,0,2025,2025,1,0.214,http://www.statiz.co.kr/player.php?name=%EC%9E%84%EC%A2%85%EC%84%B1
임종찬,2001,17,35,30,2,5,1,0,1,9,2,2,0,5,0,13,0,0.3,0.286,1,2025,2025,1,0.167,http://www.statiz.co.kr/player.php?name=%EC%9E%84%EC%A2%85%EC%B0%AC
임지열,1995,12,33,31,4,8,1,0,0,9,2,2,0,2,0,14,0,0.29,0.303,0,2025,2025,1,0.258,http://www.statiz.co.kr/player.php?name=%EC%9E%84%EC%A7%80%EC%97%B4
장두성,1999,37,63,55,13,16,1,0,0,17,8,4,3,3,0,7,0,0.309,0.328,1,2025,2025,1,0.291,http://www.statiz.co.kr/player.php?name=%EC%9E%A5%EB%91%90%EC%84%B1
장성우,1990,39,149,124,12,26,4,0,4,42,18,0,0,20,0,32,2,0.339,0.319,2,2025,2025,1,0.21,http://www.statiz.co.kr/player.php?name=%EC%9E%A5%EC%84%B1%EC%9A%B0
장승현,1994,4,2,2,0,0,0,0,0,0,0,0,0,0,0,0,1,0,0,0,2025,2025,1,0,http://www.statiz.co.kr/player.php?name=%EC%9E%A5%EC%8A%B9%ED%98%84
장재영,2002,10,16,14,1,2,0,0,0,2,2,1,0,2,0,7,0,0.143,0.25,1,2025,2025,1,0.143,http://www.statiz.co.kr/player.php?name=%EC%9E%A5%EC%9E%AC%EC%98%81
장준원,1995,17,50,45,4,10,2,0,0,12,5,0,0,3,0,7,1,0.267,0.271,0,2025,2025,1,0.222,http://www.statiz.co.kr/player.php?name=%EC%9E%A5%EC%A4%80%EC%9B%90
장진혁,1993,3,3,3,0,1,0,0,0,1,0,0,0,0,0,0,0,0.333,0.333,0,2025,2025,1,0.333,http://www.statiz.co.kr/player.php?name=%EC%9E%A5%EC%A7%84%ED%98%81
장현식,1995,1,0,0,0,0,0,0,0,0,0,0,0,0,0,0,0,0,0,0,2025,2025,1,0,http://www.statiz.co.kr/player.php?name=%EC%9E%A5%ED%98%84%EC%8B%9D
전다민,2001,12,7,7,2,0,0,0,0,0,0,3,0,0,0,0,0,0,0,1,2025,2025,1,0,http://www.statiz.co.kr/player.php?name=%EC%A0%84%EB%8B%A4%EB%AF%BC
전민재,1999,30,106,93,14,36,7,0,1,46,10,1,0,5,2,17,1,0.495,0.43,3,2025,2025,1,0.387,http://www.statiz.co.kr/player.php?name=%EC%A0%84%EB%AF%BC%EC%9E%AC
전병우,1992,16,29,23,3,5,0,0,1,8,3,0,0,6,0,10,1,0.348,0.379,0,2025,2025,1,0.217,http://www.statiz.co.kr/player.php?name=%EC%A0%84%EB%B3%91%EC%9A%B0
전준우,1986,42,173,146,18,42,9,1,3,62,25,1,0,20,2,23,2,0.425,0.381,0,2025,2025,1,0.288,http://www.statiz.co.kr/player.php?name=%EC%A0%84%EC%A4%80%EC%9A%B0
전태현,2006,28,86,76,9,18,3,0,0,21,3,1,0,8,0,26,0,0.276,0.31,1,2025,2025,1,0.237,http://www.statiz.co.kr/player.php?name=%EC%A0%84%ED%83%9C%ED%98%84
정보근,1999,40,73,66,2,15,2,1,1,22,9,0,0,5,1,15,3,0.333,0.292,2,2025,2025,1,0.227,http://www.statiz.co.kr/player.php?name=%EC%A0%95%EB%B3%B4%EA%B7%BC
정수빈,1990,41,182,152,27,42,5,0,2,53,14,10,4,22,4,14,1,0.349,0.382,0,2025,2025,1,0.276,http://www.statiz.co.kr/player.php?name=%EC%A0%95%EC%88%98%EB%B9%88
정우주,2006,1,0,0,0,0,0,0,0,0,0,0,0,0,0,0,0,0,0,0,2025,2025,1,0,http://www.statiz.co.kr/player.php?name=%EC%A0%95%EC%9A%B0%EC%A3%BC
정준재,2003,39,135,114,15,19,2,1,0,23,5,7,0,17,0,29,1,0.202,0.275,4,2025,2025,1,0.167,http://www.statiz.co.kr/player.php?name=%EC%A0%95%EC%A4%80%EC%9E%AC
정철원,1999,1,0,0,0,0,0,0,0,0,0,0,0,0,0,0,0,0,0,0,2025,2025,1,0,http://www.statiz.co.kr/player.php?name=%EC%A0%95%EC%B2%A0%EC%9B%90
정해영,2001,1,0,0,0,0,0,0,0,0,0,0,0,0,0,0,0,0,0,0,2025,2025,1,0,http://www.statiz.co.kr/player.php?name=%EC%A0%95%ED%95%B4%EC%98%81
정해원,2004,6,15,12,3,1,0,0,0,1,0,0,0,3,0,2,2,0.083,0.267,0,2025,2025,1,0.083,http://www.statiz.co.kr/player.php?name=%EC%A0%95%ED%95%B4%EC%9B%90
정현수,2001,1,0,0,0,0,0,0,0,0,0,0,0,0,0,0,0,0,0,0,2025,2025,1,0,http://www.statiz.co.kr/player.php?name=%EC%A0%95%ED%98%84%EC%88%98
정현승,2001,3,2,2,0,1,1,0,0,2,0,0,0,0,0,0,0,1,0.5,0,2025,2025,1,0.5,http://www.statiz.co.kr/player.php?name=%EC%A0%95%ED%98%84%EC%8A%B9
정훈,1987,33,91,85,7,19,6,0,1,28,7,0,0,6,0,20,4,0.329,0.275,0,2025,2025,1,0.224,http://www.statiz.co.kr/player.php?name=%EC%A0%95%ED%9B%88
조대현,1999,8,2,2,0,0,0,0,0,0,0,0,0,0,0,0,0,0,0,0,2025,2025,1,0,http://www.statiz.co.kr/player.php?name=%EC%A1%B0%EB%8C%80%ED%98%84
조동욱,2004,1,0,0,0,0,0,0,0,0,0,0,0,0,0,0,0,0,0,0,2025,2025,1,0,http://www.statiz.co.kr/player.php?name=%EC%A1%B0%EB%8F%99%EC%9A%B1
조병현,2002,1,0,0,0,0,0,0,0,0,0,0,0,0,0,0,0,0,0,0,2025,2025,1,0,http://www.statiz.co.kr/player.php?name=%EC%A1%B0%EB%B3%91%ED%98%84
조세진,2003,5,3,3,0,0,0,0,0,0,0,0,0,0,0,3,0,0,0,0,2025,2025,1,0,http://www.statiz.co.kr/player.php?name=%EC%A1%B0%EC%84%B8%EC%A7%84
조수행,1993,29,48,41,8,7,0,0,0,7,3,11,1,4,0,12,0,0.171,0.244,0,2025,2025,1,0.171,http://www.statiz.co.kr/player.php?name=%EC%A1%B0%EC%88%98%ED%96%89
조형우,2002,25,71,65,6,17,0,0,2,23,9,0,0,4,1,12,1,0.354,0.314,0,2025,2025,1,0.262,http://www.statiz.co.kr/player.php?name=%EC%A1%B0%ED%98%95%EC%9A%B0
주승우,2000,1,0,0,0,0,0,0,0,0,0,0,0,0,0,0,0,0,0,0,2025,2025,1,0,http://www.statiz.co.kr/player.php?name=%EC%A3%BC%EC%8A%B9%EC%9A%B0
채은성,1990,41,165,150,15,43,12,1,2,63,16,0,1,11,3,39,1,0.42,0.348,2,2025,2025,1,0.287,http://www.statiz.co.kr/player.php?name=%EC%B1%84%EC%9D%80%EC%84%B1
채현우,1995,5,4,4,1,1,0,1,0,3,0,0,0,0,0,1,0,0.75,0.25,0,2025,2025,1,0.25,http://www.statiz.co.kr/player.php?name=%EC%B1%84%ED%98%84%EC%9A%B0
천성호,1997,22,60,50,7,11,5,1,0,18,7,0,1,8,2,9,1,0.36,0.35,2,2025,2025,1,0.22,http://www.statiz.co.kr/player.php?name=%EC%B2%9C%EC%84%B1%ED%98%B8
천재환,1994,36,78,71,14,20,1,2,3,34,10,7,1,4,1,19,0,0.479,0.329,1,2025,2025,1,0.282,http://www.statiz.co.kr/player.php?name=%EC%B2%9C%EC%9E%AC%ED%99%98
최동환,1989,1,0,0,0,0,0,0,0,0,0,0,0,0,0,0,0,0,0,0,2025,2025,1,0,http://www.statiz.co.kr/player.php?name=%EC%B5%9C%EB%8F%99%ED%99%98
최민준,1999,1,0,0,0,0,0,0,0,0,0,0,0,0,0,0,0,0,0,0,2025,2025,1,0,http://www.statiz.co.kr/player.php?name=%EC%B5%9C%EB%AF%BC%EC%A4%80
최상민,1999,23,9,7,5,1,0,0,0,1,1,1,1,1,1,5,0,0.143,0.333,0,2025,2025,1,0.143,http://www.statiz.co.kr/player.php?name=%EC%B5%9C%EC%83%81%EB%AF%BC
최성민,2002,22,17,15,2,1,0,0,0,1,0,1,0,1,0,5,0,0.067,0.125,1,2025,2025,1,0.067,http://www.statiz.co.kr/player.php?name=%EC%B5%9C%EC%84%B1%EB%AF%BC
최승민,1996,2,1,1,0,0,0,0,0,0,0,0,0,0,0,0,0,0,0,0,2025,2025,1,0,http://www.statiz.co.kr/player.php?name=%EC%B5%9C%EC%8A%B9%EB%AF%BC
최원영,2003,35,14,13,12,3,2,0,0,5,1,6,2,0,0,4,1,0.385,0.231,0,2025,2025,1,0.231,http://www.statiz.co.kr/player.php?name=%EC%B5%9C%EC%9B%90%EC%98%81
최원준,1997,32,114,105,11,22,2,0,2,30,9,5,0,8,1,22,0,0.286,0.272,1,2025,2025,1,0.21,http://www.statiz.co.kr/player.php?name=%EC%B5%9C%EC%9B%90%EC%A4%80
최인호,2000,24,53,46,3,11,2,0,1,16,5,1,0,5,1,9,2,0.348,0.327,0,2025,2025,1,0.239,http://www.statiz.co.kr/player.php?name=%EC%B5%9C%EC%9D%B8%ED%98%B8
최재훈,1989,32,87,61,6,18,2,0,0,20,10,1,1,14,6,8,1,0.328,0.469,1,2025,2025,1,0.295,http://www.statiz.co.kr/player.php?name=%EC%B5%9C%EC%9E%AC%ED%9B%88
최정,1987,10,41,34,7,9,0,0,5,24,10,0,0,6,1,7,5,0.706,0.39,0,2025,2025,1,0.265,http://www.statiz.co.kr/player.php?name=%EC%B5%9C%EC%A0%95
최정용,1996,4,6,6,0,1,0,0,0,1,0,0,0,0,0,2,1,0.167,0.167,0,2025,2025,1,0.167,http://www.statiz.co.kr/player.php?name=%EC%B5%9C%EC%A0%95%EC%9A%A9
최정원,2000,8,12,10,3,4,0,0,0,4,1,2,0,1,0,2,0,0.4,0.455,0,2025,2025,1,0.4,http://www.statiz.co.kr/player.php?name=%EC%B5%9C%EC%A0%95%EC%9B%90
최주환,1988,42,175,159,17,45,13,1,2,66,23,0,0,13,2,22,1,0.415,0.345,2,2025,2025,1,0.283,http://www.statiz.co.kr/player.php?name=%EC%B5%9C%EC%A3%BC%ED%99%98
최준우,1999,29,80,60,9,15,0,0,2,21,15,2,0,14,2,20,1,0.35,0.408,0,2025,2025,1,0.25,http://www.statiz.co.kr/player.php?name=%EC%B5%9C%EC%A4%80%EC%9A%B0
최지훈,1997,40,176,156,22,50,7,1,2,65,16,9,4,14,1,26,0,0.417,0.38,3,2025,2025,1,0.321,http://www.statiz.co.kr/player.php?name=%EC%B5%9C%EC%A7%80%ED%9B%88
최항,1994,3,2,2,0,0,0,0,0,0,0,0,0,0,0,1,0,0,0,0,2025,2025,1,0,http://www.statiz.co.kr/player.php?name=%EC%B5%9C%ED%95%AD
최형우,1983,37,149,128,18,38,12,1,6,70,23,0,0,18,2,25,4,0.547,0.392,0,2025,2025,1,0.297,http://www.statiz.co.kr/player.php?name=%EC%B5%9C%ED%98%95%EC%9A%B0
추재현,1999,11,40,37,5,9,2,1,1,16,3,0,0,1,1,6,2,0.432,0.282,0,2025,2025,1,0.243,http://www.statiz.co.kr/player.php?name=%EC%B6%94%EC%9E%AC%ED%98%84
카디네스,1997,37,157,132,18,32,5,1,4,51,23,1,1,19,4,36,2,0.386,0.355,3,2025,2025,1,0.242,http://www.statiz.co.kr/player.php?name=%EC%B9%B4%EB%94%94%EB%84%A4%EC%8A%A4
케이브,1992,33,145,131,19,42,7,1,3,60,21,6,0,10,1,29,0,0.458,0.373,1,2025,2025,1,0.321,http://www.statiz.co.kr/player.php?name=%EC%BC%80%EC%9D%B4%EB%B8%8C
푸이그,1990,35,150,136,16,28,2,0,5,45,18,0,0,10,4,34,1,0.331,0.28,2,2025,2025,1,0.206,http://www.statiz.co.kr/player.php?name=%ED%91%B8%EC%9D%B4%EA%B7%B8
플로리얼,1997,41,182,166,21,44,13,1,3,68,21,8,3,15,0,47,2,0.41,0.326,2,2025,2025,1,0.265,http://www.statiz.co.kr/player.php?name=%ED%94%8C%EB%A1%9C%EB%A6%AC%EC%96%BC
하재훈,1990,8,25,24,2,4,0,0,1,7,3,0,0,1,0,12,0,0.292,0.2,1,2025,2025,1,0.167,http://www.statiz.co.kr/player.php?name=%ED%95%98%EC%9E%AC%ED%9B%88
하주석,1994,7,19,18,2,5,2,0,0,7,1,0,0,1,0,7,0,0.389,0.316,0,2025,2025,1,0.278,http://www.statiz.co.kr/player.php?name=%ED%95%98%EC%A3%BC%EC%84%9D
한두솔,1997,1,0,0,0,0,0,0,0,0,0,0,0,0,0,0,0,0,0,0,2025,2025,1,0,http://www.statiz.co.kr/player.php?name=%ED%95%9C%EB%91%90%EC%86%94
한석현,1994,16,62,47,11,13,4,0,1,20,12,1,0,6,4,7,0,0.426,0.404,0,2025,2025,1,0.277,http://www.statiz.co.kr/player.php?name=%ED%95%9C%EC%84%9D%ED%98%84
한승택,1994,12,20,18,3,4,1,0,0,5,0,0,0,1,1,6,1,0.278,0.3,0,2025,2025,1,0.222,http://www.statiz.co.kr/player.php?name=%ED%95%9C%EC%8A%B9%ED%83%9D
한유섬,1989,39,150,134,17,34,11,0,1,48,13,0,0,15,0,37,0,0.358,0.329,1,2025,2025,1,0.254,http://www.statiz.co.kr/player.php?name=%ED%95%9C%EC%9C%A0%EC%84%AC
한재환,2001,14,28,25,2,5,0,0,0,5,4,0,0,2,1,12,0,0.2,0.286,0,2025,2025,1,0.2,http://www.statiz.co.kr/player.php?name=%ED%95%9C%EC%9E%AC%ED%99%98
한준수,1999,26,72,61,9,11,3,0,2,20,7,0,0,9,0,13,0,0.328,0.286,2,2025,2025,1,0.18,http://www.statiz.co.kr/player.php?name=%ED%95%9C%EC%A4%80%EC%88%98
한태양,2003,25,12,10,8,4,1,0,0,5,1,2,0,2,0,2,0,0.5,0.5,1,2025,2025,1,0.4,http://www.statiz.co.kr/player.php?name=%ED%95%9C%ED%83%9C%EC%96%91
함수호,2006,1,1,1,0,0,0,0,0,0,0,0,0,0,0,0,0,0,0,0,2025,2025,1,0,http://www.statiz.co.kr/player.php?name=%ED%95%A8%EC%88%98%ED%98%B8
함창건,2001,2,6,6,0,0,0,0,0,0,0,0,0,0,0,2,0,0,0,0,2025,2025,1,0,http://www.statiz.co.kr/player.php?name=%ED%95%A8%EC%B0%BD%EA%B1%B4
허경민,1990,26,116,103,9,31,2,0,1,36,8,0,0,11,1,12,4,0.35,0.374,4,2025,2025,1,0.301,http://www.statiz.co.kr/player.php?name=%ED%97%88%EA%B2%BD%EB%AF%BC
허인서,2003,1,1,1,0,1,1,0,0,2,1,0,0,0,0,0,0,2,1,0,2025,2025,1,1,http://www.statiz.co.kr/player.php?name=%ED%97%88%EC%9D%B8%EC%84%9C
현원회,2001,7,23,20,1,3,1,0,0,4,3,0,0,3,0,8,0,0.2,0.261,0,2025,2025,1,0.15,http://www.statiz.co.kr/player.php?name=%ED%98%84%EC%9B%90%ED%9A%8C
홍대인,2001,1,0,0,1,0,0,0,0,0,0,0,0,0,0,0,0,0,0,0,2025,2025,1,0,http://www.statiz.co.kr/player.php?name=%ED%99%8D%EB%8C%80%EC%9D%B8
홍민규,2006,1,0,0,0,0,0,0,0,0,0,0,0,0,0,0,0,0,0,0,2025,2025,1,0,http://www.statiz.co.kr/player.php?name=%ED%99%8D%EB%AF%BC%EA%B7%9C
홍종표,2000,16,35,27,6,5,0,0,0,5,1,1,0,4,0,6,1,0.185,0.29,0,2025,2025,1,0.185,http://www.statiz.co.kr/player.php?name=%ED%99%8D%EC%A2%85%ED%91%9C
홍창기,1993,38,169,134,24,36,3,0,1,42,15,2,0,24,6,35,4,0.313,0.402,0,2025,2025,1,0.269,http://www.statiz.co.kr/player.php?name=%ED%99%8D%EC%B0%BD%EA%B8%B0
홍현빈,1997,3,1,1,0,0,0,0,0,0,0,0,0,0,0,1,0,0,0,0,2025,2025,1,0,http://www.statiz.co.kr/player.php?name=%ED%99%8D%ED%98%84%EB%B9%88
황동하,2002,2,0,0,0,0,0,0,0,0,0,0,0,0,0,0,0,0,0,0,2025,2025,1,0,http://www.statiz.co.kr/player.php?name=%ED%99%A9%EB%8F%99%ED%95%98
황성빈,1997,28,121,111,18,36,3,1,0,41,12,10,2,7,2,14,1,0.369,0.375,2,2025,2025,1,0.324,http://www.statiz.co.kr/player.php?name=%ED%99%A9%EC%84%B1%EB%B9%88
황영묵,1999,35,125,111,20,28,7,0,1,38,7,0,1,13,0,16,1,0.342,0.331,2,2025,2025,1,0.252,http://www.statiz.co.kr/player.php?name=%ED%99%A9%EC%98%81%EB%AC%B5
황재균,1987,39,141,126,13,31,5,0,1,39,13,2,1,13,1,30,0,0.31,0.321,0,2025,2025,1,0.246,http://www.statiz.co.kr/player.php?name=%ED%99%A9%EC%9E%AC%EA%B7%A0
